,n_words,n_graphs,n_phones,n_unique_words,n_unique_phones,phones
1,8,34,27,7,17,"['ð', 'ə', 'b', 'ɛ', 'tʃ', 'k', 'n', 'u', 's', 'l', 'ɪ', 'd', 'o', 'm', 'p', 'æ', 'ŋ']"
2,8,35,27,7,16,"['ɡ', 'l', 'u', 'ð', 'ə', 'ʃ', 'i', 't', 'd', 'a', 'k', 'b', 'æ', 'r', 'ʊ', 'n']"
3,9,29,23,9,14,"['ɪ', 't', 's', 'i', 'z', 'ə', 'e', 'l', 'ð', 'd', 'p', 'θ', 'v', 'w']"
4,9,31,25,8,14,"['ð', 'i', 'z', 'd', 'e', 'ɪ', 'ə', 'tʃ', 'k', 'n', 'l', 'ɡ', 'r', 'ʃ']"
5,7,29,26,7,15,"['r', 'a', 'ɪ', 's', 'z', 'ɔ', 'f', 'ə', 'n', 'ɛ', 'v', 'd', 'ʊ', 'b', 'l']"
6,7,30,26,7,18,"['ð', 'ə', 'dʒ', 'u', 's', 'v', 'l', 'e', 'm', 'n', 'z', 'ɪ', 'k', 'f', 'a', 'p', 'ʌ', 'tʃ']"
7,8,35,30,7,18,"['ð', 'ə', 'b', 'o', 'k', 's', 'w', 'z', 'θ', 'r', 'ʊ', 'n', 'ɪ', 'a', 'd', 'p', 't', 'ʌ']"
8,8,35,27,8,22,"['ð', 'ə', 'h', 'o', 'ɡ', 'z', 'w', 'ɛ', 'f', 'e', 'd', 'tʃ', 'p', 't', 'k', 'ɔ', 'r', 'n', 'a', 'b', 'ɪ', 'dʒ']"
9,7,28,24,7,18,"['f', 'ɔ', 'r', 'a', 'ʊ', 'ə', 'z', 'v', 's', 't', 'e', 'd', 'i', 'w', 'ɛ', 'k', 'ɪ', 'ʌ']"
10,9,33,27,9,15,"['ə', 'l', 'a', 'dʒ', 's', 'ɪ', 'z', 'n', 't', 'o', 'k', 'ŋ', 'h', 'd', 'e']"
11,8,28,23,7,13,"['ð', 'ə', 'b', 'o', 'j', 'w', 'z', 'e', 'r', 'n', 's', 'ʌ', 'ʊ']"
12,8,27,24,8,17,"['ə', 'r', 'o', 'd', 'ɪ', 'z', 'j', 'u', 't', 'k', 'æ', 'tʃ', 'p', 'ŋ', 's', 'm', 'n']"
13,10,39,32,8,16,"['ð', 'ə', 's', 'ɔ', 'r', 'v', 'h', 'j', 'u', 'dʒ', 'ɪ', 'z', 'k', 'l', 'p', 'ŋ']"
14,7,35,25,7,18,"['k', 'ɪ', 'ð', 'ə', 'b', 'ɔ', 'l', 's', 't', 'r', 'e', 'n', 'd', 'f', 'o', 'ʊ', 'θ', 'u']"
15,8,28,24,8,17,"['h', 'e', 'l', 'p', 'ð', 'ə', 'w', 'ʊ', 'm', 'n', 'ɡ', 't', 'b', 'æ', 'k', 'f', 'i']"
16,9,30,25,9,15,"['ə', 'p', 'o', 't', 'v', 'i', 'h', 'e', 'l', 's', 'æ', 'ð', 'n', 'ɪ', 'ŋ']"
17,6,26,25,6,17,"['s', 'm', 'ə', 'ʊ', 'k', 'i', 'f', 'a', 'ɪ', 'z', 'l', 'æ', 'e', 'n', 'd', 'h', 't']"
18,7,31,25,6,17,"['ð', 'ə', 's', 'o', 'f', 't', 'k', 'ʊ', 'ʃ', 'n', 'b', 'r', 'm', 'æ', 'z', 'ɔ', 'l']"
19,8,33,27,7,17,"['ð', 'ə', 's', 'ɔ', 'l', 't', 'b', 'r', 'i', 'z', 'k', 'e', 'ɪ', 'm', 'o', 'f', 'ʌ']"
20,8,31,27,7,19,"['ð', 'ə', 'ɡ', 'ɛ', 'l', 'æ', 't', 'b', 'u', 'θ', 's', 'ʊ', 'd', 'f', 'ɪ', 'i', 'o', 'n', 'z']"
21,9,31,24,8,15,"['ð', 'ə', 's', 'm', 'ɔ', 'l', 'p', 'ʌ', 'n', 'd', 'h', 'ʊ', 'ɪ', 'o', 'k']"
22,9,36,30,8,17,"['ð', 'ə', 'f', 'ɪ', 'ʃ', 't', 'w', 's', 'd', 'n', 'ɛ', 'o', 'b', 'e', 'h', 'ʊ', 'k']"
23,10,35,31,9,15,"['p', 'r', 'e', 's', 'ð', 'ə', 'æ', 'n', 't', 'd', 'ʊ', 'b', 'ʌ', 'o', 'v']"
24,8,31,27,8,19,"['ð', 'ə', 's', 'w', 'o', 'n', 'd', 'a', 'ɪ', 'v', 'z', 'f', 'ʃ', 'ɔ', 'r', 't', 'p', 'ɛ', 'k']"
25,9,36,27,7,14,"['ð', 'ə', 'b', 'j', 'u', 't', 'i', 'v', 's', 'ʌ', 'n', 'd', 'ŋ', 'o']"
26,7,24,20,7,16,"['t', 'u', 'b', 'l', 'f', 'ɪ', 'ʃ', 's', 'w', 'æ', 'm', 'n', 'ð', 'ə', 'ŋ', 'k']"
27,7,29,23,7,17,"['h', 'ə', 'p', 'ɛ', 's', 'w', 'z', 'f', 'ʊ', 'l', 'v', 'j', 'u', 't', 'r', 'æ', 'ʃ']"
28,8,33,27,7,15,"['ð', 'ə', 'k', 'ʊ', 'l', 't', 'r', 'e', 'd', 'n', 'θ', 'u', 'ɔ', 'a', 'ɪ']"
29,8,37,32,8,15,"['ɪ', 't', 's', 'n', 'ə', 'ʊ', 'd', 'r', 'e', 'h', 'l', 'ð', 'm', 'ɔ', 'ŋ']"
30,6,27,21,6,16,"['r', 'i', 'd', 'v', 'ɛ', 's', 'a', 'ʊ', 't', 'l', 'f', 'ɔ', 'p', 'e', 'ʒ', 'ə']"
31,7,30,26,7,15,"['h', 'o', 'j', 's', 't', 'ð', 'ə', 'l', 'ʊ', 'd', 'ɔ', 'r', 'e', 'f', 'ʃ']"
32,8,32,27,7,18,"['t', 'e', 'ɪ', 'k', 'ð', 'ə', 'w', 'a', 'n', 'd', 'ŋ', 'p', 'æ', 'θ', 'r', 'i', 'tʃ', 'l']"
33,8,30,28,7,16,"['n', 'ə', 'ʊ', 't', 'k', 'l', 's', 'i', 'ð', 'a', 'ɪ', 'z', 'v', 'ɡ', 'æ', 'ŋ']"
34,7,28,23,7,18,"['w', 'a', 'ɪ', 'p', 'ð', 'ə', 'ɡ', 'r', 'i', 's', 'ɔ', 'f', 'h', 'z', 'd', 'ɛ', 't', 'e']"
35,7,25,23,7,18,"['m', 'e', 'n', 'd', 'ð', 'ə', 'k', 'ʊ', 't', 'b', 'ɪ', 'f', 'ɔ', 'r', 'j', 'u', 'ɡ', 'a']"
36,8,35,31,8,20,"['ð', 'ə', 'r', 'ɪ', 's', 't', 'w', 'z', 'b', 'æ', 'd', 'l', 'i', 'e', 'n', 'h', 'ʌ', 'ŋ', 'm', 'p']"
37,7,29,25,7,16,"['ð', 'ə', 's', 't', 'r', 'e', 'ɪ', 'k', 'æ', 'ɡ', 'v', 'b', 'ɛ', 'θ', 'n', 'z']"
38,7,31,26,7,18,"['ð', 'ə', 'j', 'ʌ', 'ŋ', 'ɡ', 'ɛ', 'l', 'e', 'ɪ', 'v', 'n', 'ʊ', 'k', 'r', 's', 'p', 'o']"
39,8,33,25,7,18,"['ð', 'ə', 'm', 'i', 'l', 'w', 'z', 'k', 'ʊ', 't', 'b', 'ɪ', 'f', 'ɔ', 'r', 'e', 'æ', 'ŋ']"
40,6,22,18,6,15,"['w', 'ʌ', 't', 'dʒ', 'o', 'j', 'ð', 'e', 'r', 'ɪ', 'z', 'n', 'l', 'v', 'ŋ']"
41,9,32,26,8,16,"['ə', 'k', 'ɪ', 'ŋ', 'r', 'u', 'l', 'd', 'ð', 's', 't', 'e', 'n', 'ɛ', 'i', 'z']"
42,9,33,26,8,15,"['ð', 'ə', 'ʃ', 'ɪ', 'p', 'w', 'z', 't', 'ɔ', 'r', 'n', 'a', 'o', 'i', 'f']"
43,7,31,25,7,17,"['s', 'ɪ', 'k', 'n', 'ə', 'e', 'p', 't', 'h', 'm', 'ʊ', 'ð', 'θ', 'ɛ', 'd', 'w', 'i']"
44,8,31,25,7,17,"['ð', 'ə', 'w', 'a', 'ɪ', 'd', 'r', 'ʊ', 'ʃ', 'm', 'ɛ', 'n', 'h', 'o', 't', 's', 'ʌ']"
45,8,27,24,7,16,"['ð', 'ə', 'l', 'e', 'ɪ', 'z', 'i', 'k', 'a', 'ʊ', 'n', 'u', 'ɡ', 'r', 'æ', 's']"
46,7,30,26,6,14,"['l', 'ɪ', 'f', 't', 'ð', 'ə', 's', 'k', 'w', 'e', 'r', 'ʊ', 'n', 'v']"
47,9,34,31,8,19,"['ð', 'ə', 'r', 'ʊ', 'p', 'w', 'ɪ', 'l', 'b', 'a', 'n', 'd', 's', 'e', 'v', 'k', 'æ', 't', 'ʌ']"
48,7,26,23,7,16,"['h', 'o', 'p', 'ə', 'ʊ', 'v', 'ð', 'f', 'e', 'n', 's', 'd', 'l', 'ʌ', 'dʒ', 'ɪ']"
49,7,31,26,6,16,"['ð', 'ə', 'f', 'r', 'e', 'n', 'd', 'l', 'i', 'ɡ', 'æ', 'ŋ', 't', 'ʌ', 's', 'ɔ']"
50,5,25,21,5,14,"['m', 'e', 'ʃ', 'w', 'a', 'ɪ', 'ə', 'k', 'i', 'p', 's', 'tʃ', 'n', 'd']"
51,7,32,23,6,15,"['ð', 'ə', 'f', 'r', 'ɔ', 's', 't', 'i', 'e', 'p', 'æ', 'θ', 'u', 'k', 'ʊ']"
52,8,34,28,7,16,"['ð', 'ə', 'k', 'r', 'ʊ', 'd', 'm', 'e', 'ɪ', 'z', 'f', 'l', 't', 'u', 'a', 's']"
53,6,26,21,6,15,"['æ', 'd', 'ɪ', 'ŋ', 'f', 's', 't', 'l', 'i', 'z', 'ə', 'r', 'ɔ', 'ʌ', 'm']"
54,9,31,27,8,19,"['ð', 'ə', 'ʃ', 'ʊ', 'w', 'z', 'f', 'l', 'o', 'p', 'r', 'ʌ', 'm', 'v', 'e', 'i', 's', 't', 'a']"
55,9,30,27,8,17,"['ə', 's', 'ɔ', 'ɪ', 'z', 't', 'u', 'l', 'j', 'd', 'f', 'r', 'm', 'e', 'k', 'ŋ', 'b']"
56,7,30,24,7,16,"['ð', 'ə', 'w', 'æ', 'ɡ', 'n', 'm', 'u', 'v', 'd', 'o', 'e', 'l', 'j', 'i', 'z']"
57,7,31,26,6,19,"['m', 'a', 'tʃ', 'ð', 'ə', 's', 'ʊ', 'l', 'dʒ', 'ɛ', 'z', 'p', 'æ', 't', 'n', 'e', 'k', 'h', 'ɪ']"
58,7,26,22,7,17,"['ə', 'k', 'ʌ', 'p', 'v', 'ʃ', 'ʊ', 'ɡ', 'm', 'e', 'ɪ', 's', 'w', 'i', 't', 'f', 'dʒ']"
59,7,31,27,7,16,"['p', 'l', 'e', 'ɪ', 's', 'ə', 'r', 'ʊ', 'z', 'b', 'ʃ', 'n', 'ð', 'ɔ', 'tʃ', 't']"
60,8,34,31,8,19,"['b', 'ə', 'ʊ', 'θ', 'l', 'ɔ', 's', 't', 'ð', 'e', 'r', 'a', 'ɪ', 'v', 'z', 'n', 'dʒ', 'ŋ', 'm']"
61,9,32,26,8,16,"['w', 'i', 't', 'ɔ', 'k', 'ə', 'v', 'ð', 's', 'a', 'ɪ', 'd', 'ʃ', 'ʊ', 'n', 'ɛ']"
62,8,30,27,8,17,"['j', 'u', 's', 'ə', 'p', 'e', 'n', 'l', 't', 'r', 'a', 'ɪ', 'ð', 'f', 'ɛ', 'd', 'æ']"
63,8,30,25,8,16,"['h', 'i', 'r', 'æ', 'n', 'f', 'w', 'e', 'ɪ', 't', 'ə', 'ð', 'a', 'd', 's', 'ɔ']"
64,8,34,27,7,17,"['ð', 'ə', 'k', 'l', 'o', 's', 't', 'r', 'ʌ', 'm', 'a', 'θ', 'ɛ', 'd', 'p', 'ɪ', 'i']"
65,7,28,23,7,13,"['ə', 's', 'm', 'ɔ', 'l', 'k', 'r', 'i', 'ʌ', 't', 'ð', 'f', 'd']"
66,7,32,28,7,16,"['k', 'a', 'z', 'ə', 'n', 'd', 'b', 'ʌ', 's', 't', 'ɔ', 'l', 'ɪ', 'ʊ', 'r', 'f']"
67,10,34,29,9,19,"['ð', 'ə', 's', 'e', 't', 'v', 'tʃ', 'a', 'ɪ', 'n', 'h', 'f', 'l', 'ɔ', 'r', 'w', 'k', 'æ', 'ʃ']"
68,10,35,32,10,17,"['ð', 'ɪ', 's', 'z', 'ə', 'ɡ', 'r', 'n', 'd', 'i', 'f', 'ɔ', 'h', 'a', 'k', 'o', 'ʊ']"
69,9,32,25,7,18,"['ð', 'ə', 'd', 'u', 'n', 'r', 'ʊ', 'z', 'f', 'ʌ', 'm', 'e', 'dʒ', 'v', 'w', 'ɔ', 't', 'ɛ']"
70,10,38,29,9,18,"['ð', 'ə', 'ʊ', 'z', 'w', 'ɛ', 'd', 'k', 'j', 'u', 'f', 'ɔ', 'r', 'æ', 't', 'l', 'i', 'v']"
71,9,34,29,8,17,"['ə', 'j', 'o', 't', 's', 'l', 'ɪ', 'd', 'ɛ', 'a', 'ʊ', 'n', 'ð', 'p', 'u', 'b', 'e']"
72,8,30,25,7,16,"['ð', 'ə', 't', 'u', 'm', 'e', 'w', 'a', 'ɪ', 'l', 'p', 'ŋ', 'o', 'n', 's', 'd']"
73,8,33,29,7,17,"['ð', 'ə', 'ɪ', 'ŋ', 'k', 's', 't', 'e', 'n', 'd', 'r', 'a', 'o', 'f', 'ʃ', 'p', 'dʒ']"
74,8,35,28,8,16,"['ð', 'ə', 'w', 'ɔ', 'l', 'd', 't', 'a', 'ʊ', 'n', 'z', 's', 'i', 'ɪ', 'θ', 'f']"
75,7,28,24,7,14,"['ð', 'ə', 'l', 'i', 's', 'r', 'æ', 'n', 'a', 'ʊ', 't', 'ɪ', 'k', 'w']"
76,7,26,24,6,13,"['ə', 't', 'e', 'ɪ', 'm', 's', 'k', 'w', 'ɛ', 'l', 'n', 'a', 'p']"
77,9,33,27,7,18,"['ð', 'ə', 'h', 'ɔ', 'r', 'n', 'v', 'k', 'a', 'w', 'ʊ', 's', 'l', 'i', 'p', 'ɪ', 'ŋ', 'o']"
78,8,38,31,8,21,"['ð', 'ə', 'h', 'a', 't', 'b', 'i', 's', 'r', 'ɔ', 'ŋ', 'l', 'n', 'd', 'w', 'ɪ', 'f', 'ɛ', 'm', 'ʊ', 'k']"
79,9,32,26,9,15,"['ð', 'ə', 'p', 'ɛ', 'l', 'w', 'z', 'ɔ', 'r', 'n', 'ɪ', 'θ', 's', 'v', 'ŋ']"
80,8,31,27,8,18,"['ð', 'ə', 'f', 'r', 'u', 't', 'p', 'i', 'l', 'w', 'z', 'k', 'ʌ', 'ɪ', 'n', 'θ', 's', 'a']"
81,7,30,25,6,16,"['ð', 'ə', 'n', 'e', 'ɪ', 'v', 'i', 't', 'æ', 'k', 'b', 'ɡ', 's', 'f', 'ɔ', 'r']"
82,8,32,26,7,17,"['s', 'i', 'ð', 'ə', 'k', 'æ', 't', 'ɡ', 'l', 'e', 'r', 'ɪ', 'ŋ', 'd', 'm', 'a', 'ʊ']"
83,7,30,21,7,16,"['ð', 'e', 'r', 'a', 'm', 'ɔ', 'æ', 'n', 't', 'u', 'f', 'k', 'ɛ', 'z', 'h', 'ɪ']"
84,8,29,26,8,17,"['ð', 'ə', 'h', 'æ', 't', 'b', 'r', 'ɪ', 'm', 'w', 'z', 'a', 'd', 'n', 'u', 'p', 'i']"
85,7,27,23,7,16,"['ð', 'ə', 'l', 'ɔ', 'j', 't', 'r', 'a', 'ɪ', 'd', 'u', 'z', 'h', 'k', 'e', 's']"
86,7,32,26,6,17,"['ð', 'ə', 'ɡ', 'r', 'æ', 's', 'k', 'ɛ', 'l', 'd', 'a', 'ʊ', 'n', 'f', 'e', 'p', 't']"
87,6,23,19,6,13,"['k', 'ʌ', 't', 'ð', 'ə', 'p', 'a', 'ɪ', 'n', 'u', 'l', 'dʒ', 's']"
88,6,25,24,6,16,"['m', 'e', 'n', 's', 't', 'r', 'a', 'ɪ', 'v', 'b', 'ʌ', 'l', 'd', 'ə', 'ɡ', 'tʃ']"
89,6,27,23,6,17,"['ɔ', 'l', 'w', 'e', 'ɪ', 'z', 'k', 'ə', 'ʊ', 's', 'ð', 'b', 'a', 'n', 'd', 'r', 't']"
90,8,29,26,8,15,"['h', 'i', 'l', 'e', 'ɪ', 'p', 'r', 'ə', 'ʊ', 'n', 'd', 'a', 'm', 'u', 'v']"
91,7,29,23,6,15,"['ð', 'ə', 's', 'l', 'ʌ', 'ʃ', 'e', 'ɪ', 'd', 'i', 'p', 'ɔ', 'ŋ', 't', 'r']"
92,9,28,24,9,20,"['ə', 'w', 'ɪ', 's', 'p', 'v', 'k', 'l', 'a', 'ʊ', 'd', 'h', 'ʌ', 'ŋ', 'n', 'ð', 'b', 'u', 'e', 'r']"
93,8,30,26,8,20,"['ə', 'p', 'a', 'ʊ', 'n', 'd', 'v', 'ʃ', 'ɡ', 'k', 'o', 's', 't', 'm', 'ɔ', 'r', 'ð', 'æ', 'e', 'z']"
94,9,33,27,8,18,"['ð', 'ə', 'f', 'ɪ', 'n', 'w', 'z', 'ʃ', 'a', 'p', 'd', 'k', 'ʌ', 't', 'l', 'r', 'ɔ', 'ɛ']"
95,7,30,27,7,18,"['ð', 'ə', 'p', 'l', 'e', 'ɪ', 's', 'i', 'm', 'z', 'd', 'ʌ', 'n', 'k', 'w', 'a', 't', 'u']"
96,8,30,28,8,17,"['b', 'e', 'ɪ', 'l', 'ð', 'ə', 'ʊ', 't', 's', 'o', 'p', 'f', 'r', 'ʌ', 'm', 'ŋ', 'k']"
97,8,30,25,8,15,"['ð', 'ə', 't', 'ɛ', 'm', 'e', 'n', 'd', 'ɪ', 'l', 'dʒ', 'u', 'æ', 'j', 'r']"
98,8,28,28,8,17,"['ə', 't', 'ʌ', 's', 'k', 'ɪ', 'z', 'j', 'u', 'd', 'm', 'e', 'o', 'l', 'i', 'ɡ', 'f']"
99,6,21,18,6,12,"['t', 'e', 'n', 'p', 'ɪ', 'z', 'w', 'ɛ', 's', 'ɔ', 'r', 'd']"
100,7,28,22,7,15,"['ð', 'ə', 'b', 'ɪ', 'l', 'w', 'z', 'p', 'e', 'd', 'v', 'ɛ', 'i', 'θ', 'k']"
101,7,28,26,7,17,"['ə', 'ʊ', 'k', 'ɪ', 'z', 's', 't', 'r', 'ɔ', 'ŋ', 'n', 'd', 'l', 'ɡ', 'v', 'ʃ', 'e']"
102,7,27,22,7,18,"['k', 'æ', 't', 's', 'ə', 'n', 'd', 'o', 'ɡ', 'z', 'i', 'tʃ', 'h', 'e', 'ɪ', 'ð', 'ʌ', 'ɛ']"
103,7,26,23,7,16,"['ð', 'ə', 'p', 'a', 'ɪ', 'b', 'ɡ', 'æ', 'n', 't', 'r', 'ʌ', 's', 'w', 'l', 'u']"
104,8,33,31,7,17,"['ə', 'ʊ', 'p', 'n', 'ð', 'k', 'r', 'e', 'ɪ', 't', 'b', 'ʌ', 'd', 'ɡ', 'l', 'æ', 's']"
105,9,33,26,8,16,"['æ', 'd', 'ð', 'ə', 's', 'ʌ', 'm', 't', 'p', 'r', 'o', 'k', 'v', 'i', 'z', 'θ']"
106,6,31,24,6,17,"['θ', 'i', 'v', 'z', 'h', 'u', 'r', 'o', 'b', 'f', 'e', 'n', 'd', 'ɪ', 'ɛ', 'dʒ', 'l']"
107,8,35,29,8,17,"['ð', 'ə', 'r', 'a', 'ɪ', 'p', 't', 'e', 's', 'v', 'tʃ', 'i', 'z', 'm', 'u', 'w', 'dʒ']"
108,7,30,25,7,18,"['æ', 'k', 't', 'o', 'n', 'ð', 'i', 'z', 'ɔ', 'r', 'd', 'ɛ', 'w', 'ɪ', 'ɡ', 'e', 's', 'p']"
109,7,30,23,6,17,"['ð', 'ə', 'h', 'o', 'ɡ', 'k', 'r', 'ɔ', 'l', 'd', 'ʌ', 'n', 'a', 'ɪ', 'f', 'e', 's']"
110,7,24,21,6,14,"['m', 'u', 'v', 'ð', 'ə', 'æ', 't', 'ʊ', 'h', 'o', 'f', 'a', 'ɪ', 'ɛ']"
111,10,35,30,9,16,"['ð', 'ə', 'b', 'a', 'k', 'v', 'p', 'ɪ', 'n', 't', 'r', 'i', 'w', 'z', 'ʃ', 'd']"
112,8,33,27,8,19,"['l', 'i', 'v', 'z', 't', 'ɛ', 'n', 'b', 'r', 'a', 'ʊ', 'ə', 'd', 'j', 'e', 'ɪ', 'ð', 'f', 'ɔ']"
113,7,30,25,6,13,"['ð', 'ə', 'p', 'e', 'n', 't', 'w', 'ɪ', 'v', 'd', 'b', 'l', 'u']"
114,8,30,25,8,15,"['s', 'p', 'l', 'ɪ', 't', 'ð', 'ə', 'ɔ', 'ɡ', 'w', 'k', 'ʃ', 'a', 'b', 'ʊ']"
115,7,27,22,7,18,"['b', 'ɛ', 'n', 'p', 'i', 't', 'æ', 'f', 'ə', 'ð', 'l', 'ɔ', 'ɡ', 'z', 'ɪ', 'v', 'a', 'ʊ']"
116,7,29,23,7,15,"['h', 'i', 'ɔ', 'r', 'd', 'ɛ', 'p', 'tʃ', 'a', 'ɪ', 'w', 'ð', 's', 'k', 'm']"
117,8,32,26,7,16,"['w', 'i', 'v', 'ð', 'ə', 'k', 'a', 'p', 't', 'o', 'n', 'r', 'ɪ', 'h', 'd', 's']"
118,10,35,32,10,21,"['h', 'e', 'm', 'p', 'ɪ', 'z', 'ə', 'w', 'i', 'd', 'f', 'a', 'ʊ', 'n', 't', 's', 'v', 'ð', 'r', 'o', 'k']"
119,7,24,22,7,16,"['ə', 'l', 'e', 'ɪ', 'm', 'b', 'æ', 'k', 'p', 't', 'h', 'z', 's', 'ɔ', 'r', 'ʊ']"
120,7,28,26,7,20,"['w', 'i', 'f', 'a', 'ɪ', 'n', 'd', 'dʒ', 'o', 'j', 'ð', 'ə', 's', 'm', 'p', 'l', 't', 'θ', 'ŋ', 'z']"
121,6,25,22,6,16,"['t', 'a', 'ɪ', 'p', 'ʊ', 'θ', 'r', 'i', 'l', 's', 'ə', 'v', 'ɔ', 'd', 'ɛ', 'z']"
122,9,32,26,7,16,"['ð', 'ə', 'h', 'a', 'd', 'i', 't', 'r', 'ɪ', 'l', 'e', 's', 'ɡ', 'o', 'ʌ', 'n']"
123,9,33,25,8,16,"['ð', 'ə', 'b', 'o', 's', 'r', 'æ', 'n', 'ʃ', 'ʊ', 'w', 'ɪ', 'tʃ', 'f', 'l', 'a']"
124,7,34,29,7,15,"['ð', 'ə', 'k', 'ʌ', 'p', 'r', 'æ', 't', 'n', 'd', 's', 'ɪ', 'l', 'o', 'e']"
125,7,32,28,7,19,"['p', 'e', 'ɪ', 's', 't', 'k', 'æ', 'n', 'l', 'z', 'ð', 'ə', 'm', 'ʊ', 'd', 'ɛ', 'i', 'b', 'r']"
126,8,32,24,8,18,"['ð', 'ə', 's', 'l', 'æ', 'ŋ', 'w', 'ɛ', 'd', 'f', 'ɔ', 'r', 'ɪ', 'k', 'i', 'z', 'b', 'u']"
127,9,30,27,9,16,"['ɪ', 't', 'k', 'o', 's', 'h', 'a', 'n', 'd', 'p', 'ɔ', 'ə', 'r', 'ʌ', 'i', 'æ']"
128,9,36,25,8,17,"['ð', 'ə', 'w', 'ɔ', 'r', 'f', 'k', 'ʊ', 'd', 'b', 'i', 's', 'n', 'æ', 't', 'a', 'ʃ']"
129,8,30,25,7,16,"['f', 'i', 'l', 'ð', 'ə', 'h', 't', 'v', 'w', 'k', 'd', 'a', 'ɪ', 'ŋ', 'e', 'm']"
130,7,24,20,7,16,"['ð', 'ə', 't', 'a', 'ɪ', 'n', 'i', 'ɡ', 'ɛ', 'l', 'ʊ', 'k', 'ɔ', 'f', 'h', 'æ']"
131,9,28,28,8,18,"['ə', 'k', 'r', 'æ', 'm', 'p', 'ɪ', 'z', 'n', 'ʊ', 's', 'ɔ', 'l', 'd', 'e', 'dʒ', 'o', 'w']"
132,7,30,25,7,16,"['h', 'i', 's', 'e', 'd', 'ð', 'ə', 'ɪ', 'm', 'f', 'r', 'z', 'θ', 'ɛ', 't', 'a']"
133,6,31,25,6,17,"['p', 'l', 'ʌ', 'k', 'ð', 'ə', 'b', 'r', 'a', 'ɪ', 't', 'ʊ', 'z', 'w', 'θ', 'i', 'v']"
134,7,25,22,7,14,"['t', 'u', 'p', 'l', 'ʌ', 's', 'e', 'v', 'ə', 'n', 'ɪ', 'z', 'ð', 'æ']"
135,10,38,30,8,17,"['ð', 'ə', 'ɡ', 'l', 'ʊ', 'd', 'i', 'p', 'n', 'ɪ', 'a', 'z', 'v', 's', 'w', 't', 'ɛ']"
136,7,31,26,7,19,"['b', 'r', 'ɪ', 'ŋ', 'j', 'ɔ', 'p', 'o', 'l', 'ə', 'm', 'z', 't', 'ð', 'w', 'a', 'tʃ', 'i', 'f']"
137,9,35,29,9,16,"['r', 'a', 'ɪ', 't', 'ə', 'f', 'o', 'n', 'd', 'ʊ', 'ð', 'e', 'j', 'u', 'tʃ', 'ʃ']"
138,8,32,25,8,20,"['k', 'l', 'ə', 'ʊ', 'ð', 'z', 'n', 'd', 'o', 'dʒ', 'ɪ', 'ŋ', 'a', 'f', 'r', 'i', 't', 'u', 'm', 'e']"
139,8,29,27,8,18,"['w', 'i', 'f', 'r', 'a', 'ʊ', 'n', 'e', 'ɪ', 'v', 't', 's', 'k', 'ə', 'b', 'æ', 'd', 'ɛ']"
140,9,32,31,8,18,"['p', 'ɔ', 'r', 't', 'ɪ', 'z', 'ə', 's', 'ŋ', 'w', 'a', 'n', 'ð', 'm', 'ʊ', 'k', 'i', 'e']"
141,7,29,24,6,17,"['ð', 'ə', 'j', 'ʌ', 'ŋ', 'k', 'ɪ', 'd', 'dʒ', 'm', 'p', 't', 'r', 's', 'i', 'ɡ', 'e']"
142,7,32,26,6,16,"['ɡ', 'e', 's', 'ð', 'ə', 'r', 'ɪ', 'z', 'ʌ', 'l', 't', 'f', 'm', 'ɛ', 'k', 'ɔ']"
143,7,28,26,7,17,"['ə', 's', 'ɔ', 'l', 't', 'p', 'ɪ', 'k', 'e', 'f', 'a', 'n', 'w', 'ð', 'h', 'æ', 'm']"
144,7,30,26,6,18,"['ð', 'ə', 'dʒ', 'ʌ', 's', 't', 'k', 'l', 'e', 'ɪ', 'm', 'ɡ', 'o', 'r', 'a', 'v', 'ɛ', 'd']"
145,7,28,24,7,15,"['ð', 'ə', 'ʊ', 'z', 'θ', 'ɪ', 's', 'l', 'b', 'e', 'n', 'd', 'h', 'a', 'w']"
146,5,24,21,5,16,"['p', 'j', 'ʊ', 'r', 'b', 'e', 'd', 'u', 'ə', 'l', 'z', 'h', 'æ', 'v', 'k', 'ɛ']"
147,8,29,27,8,17,"['ð', 'ə', 't', 'r', 'i', 'o', 'p', 'w', 'e', 'ɪ', 'v', 'd', 'n', 'ɡ', 's', 'f', 'l']"
148,10,36,32,9,21,"['ð', 'ə', 's', 'p', 'o', 't', 'n', 'b', 'l', 'w', 'z', 'm', 'e', 'ɪ', 'd', 'a', 'ɡ', 'r', 'i', 'ŋ', 'k']"
149,10,40,33,10,21,"['m', 'ʌ', 'd', 'w', 'ə', 'z', 's', 'p', 'æ', 't', 'ɛ', 'o', 'n', 'ð', 'f', 'r', 'v', 'h', 'ɪ', 'a', 'ʃ']"
150,9,31,26,8,18,"['ð', 'ə', 's', 'ɪ', 'ɡ', 'a', 'b', 'ɛ', 'n', 'd', 'h', 'ʊ', 'l', 'e', 'k', 't', 'o', 'p']"
151,8,30,27,7,18,"['ð', 'ə', 'e', 'm', 'p', 't', 'i', 'f', 'l', 'æ', 's', 'k', 'ʊ', 'd', 'o', 'n', 'ɪ', 'r']"
152,8,30,25,8,15,"['ə', 's', 'p', 'i', 'd', 'm', 'æ', 'n', 'k', 'b', 't', 'ð', 'ɪ', 'r', 'a']"
153,7,26,22,7,18,"['h', 'i', 'b', 'r', 'ə', 'ʊ', 'k', 'n', 'u', 'ʃ', 'l', 'e', 'ɪ', 's', 'ð', 'æ', 't', 'd']"
154,9,34,27,8,19,"['ð', 'ə', 'k', 'o', 'f', 'i', 's', 't', 'n', 'd', 'ɪ', 'z', 'u', 'h', 'a', 'ɔ', 'r', 'ʊ', 'tʃ']"
155,8,32,25,8,14,"['ð', 'ə', 'ɛ', 'dʒ', 't', 'r', 'a', 'ɪ', 'ʃ', 'ɔ', 's', 'i', 'z', 'e']"
156,6,25,21,6,17,"['ð', 'ə', 'p', 'e', 'n', 's', 'l', 'z', 'h', 'æ', 'v', 'ɔ', 'b', 'ɪ', 'j', 'u', 'd']"
157,9,36,29,7,17,"['ð', 'ə', 'p', 'a', 'ɪ', 'r', 't', 's', 'i', 'z', 'd', 'k', 'u', 'v', 'l', 'ɔ', 'ʃ']"
158,8,32,30,8,20,"['w', 'i', 't', 'r', 'a', 'ɪ', 'd', 'ə', 'p', 'l', 'e', 's', 'ð', 'k', 'o', 'j', 'n', 'b', 'ʌ', 'f']"
159,7,30,26,7,16,"['ʃ', 'i', 's', 'ə', 'ʊ', 'd', 'ð', 't', 'ɔ', 'r', 'n', 'k', 'w', 'a', 'ɪ', 'l']"
160,9,35,30,9,18,"['ð', 'ə', 's', 'ʊ', 'f', 'k', 'ʃ', 'n', 'ɪ', 'z', 'r', 'e', 'd', 'v', 'l', 'a', 't', 'w']"
161,10,36,28,8,20,"['ð', 'ə', 'dʒ', 'æ', 'k', 't', 'h', 'ʌ', 'ŋ', 'o', 'n', 'b', 'v', 'w', 'a', 'ɪ', 'd', 'tʃ', 'e', 'r']"
162,8,27,23,8,15,"['æ', 't', 'ð', 'h', 'a', 'ɪ', 'l', 'e', 'v', 'ə', 'r', 'z', 'p', 'j', 'ʊ']"
163,8,30,23,7,18,"['d', 'r', 'o', 'p', 'ð', 'ə', 't', 'u', 'w', 'e', 'n', 'j', 'æ', 'f', 'ɪ', 'ɡ', 'ɛ', 'z']"
164,8,25,24,8,16,"['ə', 'f', 'a', 'ɪ', 'l', 'ŋ', 'k', 'e', 's', 'z', 'n', 'ʊ', 'h', 'd', 't', 'b']"
165,8,31,29,8,17,"['æ', 'n', 'ə', 'b', 'r', 'ʌ', 'p', 't', 's', 'a', 'd', 'ʊ', 'z', 'o', 'w', 'ɪ', 'ð']"
166,8,32,30,8,20,"['w', 'ʊ', 'd', 'ɪ', 'z', 'b', 'e', 's', 't', 'f', 'ɔ', 'r', 'm', 'k', 'ŋ', 'o', 'j', 'ə', 'n', 'l']"
167,8,28,24,8,16,"['ð', 'ə', 'ɔ', 'f', 's', 'p', 'e', 'ɪ', 'n', 't', 'w', 'z', 'd', 'ʌ', 'l', 'æ']"
168,9,36,28,8,19,"['h', 'i', 'n', 'u', 'ð', 'ə', 's', 'k', 'ɪ', 'l', 'v', 'ɡ', 'r', 'e', 't', 'j', 'ʌ', 'ŋ', 'æ']"
169,7,26,22,7,16,"['ə', 'r', 'æ', 'ɡ', 'w', 'ɪ', 'l', 's', 'ʊ', 'k', 'ʌ', 'p', 'd', 'ɔ', 't', 'ɛ']"
170,9,32,27,9,20,"['ə', 'ʃ', 'a', 'ʊ', 'v', 'd', 'ɛ', 't', 'f', 'e', 'l', 'r', 'ʌ', 'm', 'ð', 'h', 'o', 'p', 'ɪ', 's']"
171,6,29,25,6,18,"['s', 't', 'i', 'm', 'h', 'ɪ', 'f', 'r', 'ʌ', 'ð', 'ə', 'b', 'ʊ', 'k', 'n', 'v', 'æ', 'l']"
172,7,29,26,6,15,"['ð', 'ə', 'tʃ', 'a', 'ɪ', 'l', 'd', 'ɔ', 'm', 'ʊ', 's', 't', 'h', 'ɛ', 'ɡ']"
173,8,32,29,8,16,"['ð', 'e', 'r', 'w', 'ə', 'z', 's', 'a', 'ʊ', 'n', 'd', 'v', 'ɪ', 'l', 'i', 't']"
174,9,38,33,9,19,"['ð', 'ə', 's', 'k', 'a', 'ɪ', 'æ', 't', 'm', 'ɔ', 'r', 'n', 'ŋ', 'w', 'z', 'l', 'd', 'b', 'u']"
175,6,31,26,6,16,"['t', 'ɔ', 'r', 'n', 's', 'k', 'æ', 'p', 'l', 'ɪ', 'ɛ', 'd', 'ð', 'ə', 'ʊ', 'f']"
176,8,28,24,7,17,"['s', 'ʌ', 'n', 'd', 'e', 'ɪ', 'z', 'ð', 'ə', 'b', 't', 'p', 'a', 'v', 'w', 'i', 'k']"
177,7,31,25,7,17,"['ð', 'ə', 'd', 'o', 'k', 't', 'j', 'ʊ', 'r', 'h', 'ɪ', 'm', 'w', 'i', 'z', 'p', 'l']"
178,8,29,25,8,16,"['ð', 'ə', 'n', 'u', 'ɡ', 'ɛ', 'l', 'w', 'z', 'f', 'a', 'ɪ', 'd', 't', 'e', 'æ']"
179,9,35,29,9,18,"['ð', 'e', 'ɪ', 'f', 'l', 't', 'ɡ', 'w', 'n', 'ə', 'ʃ', 'p', 'ɛ', 'a', 'v', 'd', 'ɔ', 'r']"
180,8,33,27,7,15,"['æ', 'd', 'ð', 'ə', 's', 't', 'ɔ', 'r', 'z', 'k', 'a', 'ʊ', 'n', 'l', 'e']"
181,6,25,22,6,16,"['æ', 's', 'ə', 'd', 'b', 'ɛ', 'n', 'z', 'h', 'ʊ', 'l', 'ɪ', 'w', 'k', 'ɔ', 'θ']"
182,7,28,23,7,16,"['f', 'e', 'r', 'i', 't', 'ɪ', 'l', 'z', 'ʃ', 'ʊ', 'd', 'b', 'ʌ', 'n', 'ə', 'a']"
183,7,33,28,7,16,"['e', 'ɪ', 't', 'm', 'a', 'l', 'z', 'ə', 'v', 'w', 'ʊ', 'd', 'n', 'b', 'ɛ', 's']"
184,9,36,30,8,17,"['ð', 'ə', 'θ', 'ɛ', 'd', 'æ', 'k', 't', 'w', 'z', 'ʌ', 'l', 'n', 'a', 'ɪ', 'p', 'e']"
185,7,32,24,7,17,"['ə', 'j', 'ʌ', 'ŋ', 'tʃ', 'a', 'ɪ', 'l', 'd', 'ʃ', 'ʊ', 'n', 'o', 't', 's', 'f', 'r']"
186,8,28,23,7,17,"['æ', 'd', 'ð', 'ə', 'k', 'o', 'l', 'm', 'n', 'p', 'ʊ', 't', 's', 'ʌ', 'h', 'ɪ', 'r']"
187,7,24,21,7,16,"['w', 'i', 'æ', 'd', 'm', 'a', 'ɪ', 'r', 'ə', 'n', 'l', 'ʌ', 'v', 'ɡ', 'ʊ', 'k']"
188,7,28,22,7,16,"['ð', 'e', 'r', 'ə', 'f', 'l', 'ʌ', 'd', 'm', 'a', 'k', 'ɪ', 'z', 't', 'n', 'tʃ']"
189,10,38,32,10,18,"['h', 'i', 'k', 'a', 'v', 'd', 'ə', 'e', 'f', 'r', 'ʌ', 'm', 'ð', 'ʊ', 'n', 'b', 'l', 'o']"
190,8,31,26,8,20,"['ʃ', 'i', 'h', 'æ', 'z', 'ə', 's', 'm', 'a', 't', 'w', 'e', 'ɪ', 'v', 'r', 'ŋ', 'k', 'l', 'ʊ', 'ð']"
191,9,31,26,9,16,"['ð', 'ə', 'f', 'r', 'u', 't', 'v', 'ɪ', 'ɡ', 'i', 'z', 'æ', 'p', 'l', 'ʃ', 'e']"
192,9,30,30,9,19,"['k', 'ɔ', 'r', 'n', 'o', 'b', 'z', 'æ', 'i', 'j', 'u', 'd', 't', 'ə', 'ɪ', 'l', 'f', 'a', 'ɛ']"
193,7,32,23,7,15,"['w', 'e', 'r', 'ɛ', 'ð', 'ɪ', 'n', 'ə', 'o', 'j', 'z', 's', 't', 'a', 'd']"
194,8,29,25,8,19,"['ð', 'ə', 'p', 'e', 'ɪ', 'b', 'o', 'k', 's', 'z', 'f', 'ʊ', 'l', 'v', 'θ', 'ʌ', 'm', 't', 'æ']"
195,10,31,27,9,17,"['s', 'e', 'l', 'j', 'ɔ', 'r', 'ɡ', 'ɪ', 'f', 't', 'ə', 'b', 'a', 'æ', 'ʊ', 'd', 'n']"
196,7,27,24,6,14,"['ð', 'ə', 't', 'o', 'ŋ', 'z', 'l', 'e', 'ɪ', 'b', 's', 'a', 'd', 'p']"
197,9,34,30,8,17,"['ð', 'ə', 'p', 'e', 't', 'l', 'z', 'f', 'ɔ', 'w', 'ɪ', 'n', 'k', 's', 'ʌ', 'v', 'd']"
198,8,35,28,8,20,"['b', 'r', 'ɪ', 'ŋ', 'j', 'ɔ', 'e', 's', 't', 'k', 'ʌ', 'm', 'p', 'ə', 'ð', 'θ', 'ɛ', 'd', 'l', 'æ']"
199,7,33,22,6,14,"['ð', 'e', 'ɪ', 'k', 'ʊ', 'd', 'l', 'æ', 'f', 'ɔ', 'ə', 'w', 'ɛ', 's']"
200,8,31,26,8,18,"['f', 'a', 'm', 'ɛ', 'z', 'k', 'e', 'ɪ', 'n', 't', 'ə', 'θ', 'r', 'ʃ', 'ð', 'ʊ', 'o', 'p']"
201,9,32,28,8,17,"['ð', 'ə', 'b', 'r', 'a', 'ʊ', 'n', 'h', 's', 'w', 'z', 'o', 'f', 'ɪ', 't', 'æ', 'k']"
202,9,36,31,9,18,"['ð', 'ə', 'l', 'ʊ', 'r', 'ɪ', 'z', 'j', 'u', 'd', 't', 'k', 'æ', 'tʃ', 'a', 'n', 'f', 'ɛ']"
203,9,31,27,8,17,"['f', 'l', 'ə', 'ʊ', 't', 'ð', 's', 'p', 'o', 'n', 'v', 'b', 'æ', 'θ', 'w', 'ɔ', 'ɛ']"
204,8,27,24,7,16,"['ə', 'b', 'l', 'u', 'k', 'r', 'e', 'ɪ', 'n', 'z', 't', 'ɔ', 'w', 'd', 'ŋ', 'ɛ']"
205,7,30,24,7,18,"['ə', 'f', 'r', 'e', 'ʃ', 's', 't', 'a', 'w', 'ɪ', 'l', 'ɛ', 'k', 'ʌ', 'tʃ', 'n', 'd', 'z']"
206,9,36,31,7,17,"['ð', 'ə', 'k', 'l', 'ʌ', 'b', 'r', 'e', 'n', 't', 'd', 'ɪ', 'ŋ', 'f', 'ɔ', 'θ', 'a']"
207,7,33,27,7,15,"['æ', 'f', 't', 'ə', 'ð', 'd', 'n', 's', 'e', 'ɪ', 'w', 'r', 'h', 'ʊ', 'm']"
208,8,33,25,7,15,"['ð', 'ə', 'h', 'ʊ', 's', 't', 'ɔ', 'n', 'u', 'm', 'e', 'ɪ', 'd', 'ɛ', 'v']"
209,9,32,27,9,16,"['h', 'i', 'r', 'ə', 'ʊ', 't', 'ɪ', 'z', 'l', 'æ', 's', 'n', 'o', 'v', 'ð', 'e']"
210,8,31,26,8,18,"['i', 'v', 'ə', 'n', 'ð', 'w', 'ɛ', 's', 't', 'ɪ', 'l', 'b', 'h', 'z', 'ʊ', 'k', 'ɔ', 'r']"
211,8,30,27,8,17,"['ð', 'ə', 's', 'm', 'e', 'n', 't', 'h', 'æ', 'd', 'r', 'a', 'ɪ', 'w', 'i', 'u', 'v']"
212,10,35,30,9,18,"['ð', 'ə', 'l', 'ɔ', 's', 'v', 'e', 'k', 'n', 'd', 'ʃ', 'ɪ', 'p', 'w', 'z', 'h', 'a', 't']"
213,8,28,25,7,14,"['ð', 'ə', 'f', 'l', 'a', 'ɪ', 'm', 'e', 'd', 't', 's', 'w', 'ɔ', 'ŋ']"
214,6,22,18,6,12,"['d', 'u', 'ð', 'æ', 't', 'w', 'ɪ', 'ə', 'ʊ', 'n', 's', 'k']"
215,6,28,23,6,17,"['l', 'a', 'ɪ', 'v', 'w', 'ɛ', 'z', 'ʃ', 'ʊ', 'd', 'b', 'i', 'k', 'e', 'p', 't', 'ʌ']"
216,7,28,23,7,15,"['ð', 'ə', 'l', 'a', 'dʒ', 'h', 'ʊ', 's', 'æ', 'd', 'o', 't', 'w', 'ɔ', 'p']"
217,9,27,25,9,16,"['ɪ', 't', 'z', 'h', 'a', 'd', 'ə', 'r', 'e', 's', 'b', 'l', 'u', 'ɔ', 'ŋ', 'k']"
218,8,27,24,8,17,"['r', 'a', 'ɪ', 't', 'æ', 'w', 'ʌ', 'n', 's', 'ɔ', 'j', 'u', 'm', 'e', 'f', 'ɛ', 'ɡ']"
219,8,36,31,8,21,"['ð', 'ə', 'd', 'u', 'r', 'k', 'n', 'o', 'b', 'w', 'z', 'm', 'e', 'ɪ', 'v', 'a', 't', 'l', 'i', 'æ', 's']"
220,9,37,29,8,18,"['ð', 'ə', 'r', 'e', 'k', 'ɛ', 'd', 'b', 'a', 'ɪ', 'æ', 'ŋ', 'o', 'n', 'm', 's', 't', 'i']"
221,7,30,26,7,16,"['ə', 'p', 'e', 'n', 's', 'l', 'w', 'ɪ', 'ð', 'b', 'æ', 'k', 'd', 'r', 'a', 't']"
222,9,32,29,8,15,"['k', 'ə', 'ʊ', 's', 'j', 'ʌ', 'ŋ', 'æ', 'f', 't', 'd', 'r', 'ɪ', 'm', 'b']"
223,7,34,28,7,19,"['s', 'k', 'u', 'l', 'z', 'f', 'ɔ', 'r', 'e', 'ɪ', 'd', 'i', 't', 'tʃ', 'a', 'm', 'ə', 'n', 'ɡ']"
224,8,33,28,8,19,"['ð', 'ə', 'l', 'æ', 'm', 'p', 'ʃ', 'ʊ', 'n', 'w', 'ɪ', 's', 't', 'e', 'd', 'i', 'ɡ', 'r', 'f']"
225,10,34,28,8,14,"['ð', 'e', 'ɪ', 't', 'ʊ', 'k', 'ə', 'æ', 's', 'n', 'd', 'ɔ', 'f', 'r']"
226,8,33,31,8,18,"['ð', 'ə', 'e', 'ɪ', 'n', 'tʃ', 't', 'k', 'o', 'j', 'w', 'z', 'a', 'd', 'ʌ', 'l', 'ɔ', 'r']"
227,8,30,25,8,17,"['ð', 'ə', 'ʃ', 'e', 'ɪ', 'k', 'i', 'b', 'a', 'n', 'f', 'l', 'w', 'ʊ', 'd', 'r', 'æ']"
228,7,29,28,7,18,"['dʒ', 'æ', 'z', 'ə', 'n', 'd', 's', 'w', 'ɪ', 'ŋ', 'f', 'l', 'a', 'k', 't', 'm', 'j', 'u']"
229,8,29,24,8,14,"['r', 'e', 'ɪ', 'k', 'ð', 'ə', 'ʌ', 'b', 'ʃ', 'p', 'n', 'd', 'ɛ', 't']"
230,7,32,29,7,21,"['s', 'l', 'æ', 'ʃ', 'ð', 'ə', 'ɡ', 'ʊ', 'd', 'k', 'ɔ', 'θ', 'ɪ', 'n', 't', 'u', 'f', 'a', 'r', 'b', 'z']"
231,8,30,27,7,14,"['t', 'r', 'a', 'ɪ', 'ə', 'h', 'æ', 'v', 'ð', 'k', 'ɔ', 'd', 's', 'e']"
232,8,35,24,7,15,"['ð', 'e', 'ɪ', 'a', 'p', 'ʊ', 'ʃ', 't', 'b', 'æ', 'k', 'i', 'tʃ', 'm', 'ə']"
233,9,39,35,9,24,"['h', 'i', 'b', 'r', 'ə', 'ʊ', 'k', 'ɪ', 'z', 't', 'a', 'w', 'ð', 'ɡ', 'u', 'p', 's', 'v', 'f', 'ɔ', 'm', 'e', 'n', 'd']"
234,10,40,34,10,19,"['ð', 'e', 'ɪ', 'f', 'l', 'ə', 'ʊ', 't', 'd', 'o', 'n', 'r', 'æ', 's', 'ʌ', 'w', 'a', 'b', 'k']"
235,8,28,25,8,16,"['ð', 'ə', 'm', 'æ', 'p', 'h', 'd', 'n', 'e', 'k', 's', 't', 'ʌ', 'θ', 'ɪ', 'ŋ']"
236,7,32,24,7,16,"['w', 'a', 'ɪ', 't', 'ŋ', 'z', 's', 'm', 'ɔ', 'l', 'f', 'ʃ', 'k', 'o', 'n', 'e']"
237,6,25,19,6,15,"['s', 'ʌ', 'm', 'æ', 'd', 'z', 'ɛ', 'v', 't', 'ə', 'tʃ', 'i', 'b', 'a', 'ɪ']"
238,8,32,26,7,18,"['dʒ', 'ɛ', 'k', 'ð', 'ə', 'r', 'ʊ', 'p', 'n', 'd', 'b', 'e', 'l', 'ɪ', 'ŋ', 'z', 'w', 'i']"
239,7,29,26,7,18,"['ə', 'w', 'æ', 'k', 's', 't', 'f', 'l', 'ɔ', 'r', 'm', 'e', 'ɪ', 'ʌ', 'u', 'z', 'b', 'n']"
240,8,29,27,8,16,"['m', 'æ', 'd', 'ə', 'ð', 'ɪ', 's', 'z', 'b', 'e', 't', 'r', 'n', 'v', 'k', 'ɔ']"
241,10,37,33,9,16,"['o', 'n', 'ð', 'ə', 'a', 'ɪ', 'l', 'd', 'z', 's', 'i', 'b', 'r', 'f', 't', 'm']"
242,9,29,27,8,19,"['ð', 'ə', 'p', 'l', 'e', 'ɪ', 'b', 'ɡ', 'æ', 'n', 'z', 's', 'u', 'w', 'i', 't', 'd', 'a', 'ʊ']"
243,10,38,33,10,19,"['ð', 'ɪ', 's', 'w', 'l', 'e', 'd', 'ə', 'ɛ', 't', 'm', 'ɔ', 'r', 'a', 'ʊ', 'n', 'f', 'j', 'i']"
244,7,25,21,7,17,"['æ', 'd', 's', 'ɔ', 'l', 't', 'b', 'ɪ', 'f', 'r', 'j', 'u', 'a', 'ð', 'ə', 'e', 'ɡ']"
245,8,36,28,8,18,"['ð', 'ə', 'r', 'ʌ', 'ʃ', 'f', 'ɔ', 'n', 'd', 'z', 'i', 'tʃ', 't', 'ɪ', 's', 'p', 'k', 'u']"
246,7,35,27,7,16,"['ð', 'ə', 'b', 'ɛ', 'tʃ', 'l', 'ʊ', 'k', 't', 's', 'a', 'w', 'ɪ', 'n', 'd', 'm']"
247,9,31,29,9,19,"['ð', 'ə', 'b', 'o', 'k', 's', 'ɪ', 'z', 'h', 'e', 'l', 'd', 'a', 'r', 't', 'n', 'æ', 'p', 'ɛ']"
248,7,27,23,7,19,"['t', 'ə', 'm', 'e', 'ɪ', 'k', 'p', 'j', 'ʊ', 'r', 'a', 's', 'u', 'f', 'i', 'z', 'w', 'ɔ', 'ɛ']"
249,6,28,21,6,15,"['ð', 'ə', 'f', 'ɛ', 's', 't', 'w', 'm', 'ɡ', 'e', 'n', 'æ', 'p', 'l', 'i']"
250,8,29,24,7,18,"['dʒ', 'ʌ', 'm', 'p', 'ð', 'ə', 'f', 'e', 'n', 's', 'd', 'h', 'ɛ', 'i', 'b', 'æ', 'ŋ', 'k']"
251,8,33,28,8,17,"['j', 'e', 'l', 'ə', 'n', 'd', 'k', 'æ', 'p', 'z', 'ð', 'ɛ', 't', 's', 'a', 'ɪ', 'b']"
252,10,35,27,9,17,"['ð', 'e', 'ɪ', 'a', 'm', 'n', 'h', 'u', 'w', 'ɔ', 'k', 'ə', 'd', 'l', 'v', 'r', 'ʊ']"
253,6,27,23,6,15,"['b', 'ə', 'ʊ', 'θ', 'r', 'ʌ', 'ð', 'ɛ', 'z', 'w', 'e', 's', 'ɪ', 'm', 'a']"
254,8,26,22,8,13,"['ɪ', 'n', 's', 'ʌ', 'm', 'f', 'ɔ', 'r', 'ð', 'ə', 'w', 'i', 'd']"
255,7,33,24,7,17,"['ð', 'ə', 'p', 'r', 'ɪ', 'n', 's', 'ɔ', 'd', 'ɛ', 'h', 'z', 'e', 'tʃ', 'o', 't', 'f']"
256,8,32,27,8,16,"['ð', 'ə', 'h', 'a', 'ʊ', 's', 'z', 'b', 'ɪ', 'l', 't', 'v', 'r', 'e', 'd', 'k']"
257,7,28,25,7,18,"['d', 'ʌ', 'k', 's', 'f', 'l', 'a', 'ɪ', 'n', 'ɔ', 'r', 'θ', 'b', 't', 'æ', 'ə', 'm', 'p']"
258,7,31,27,7,17,"['f', 'r', 'u', 't', 'l', 'e', 'ɪ', 'v', 'ɛ', 'z', 'a', 'j', 'd', 'n', 'ŋ', 'k', 's']"
259,7,30,22,7,16,"['ð', 'i', 'z', 'p', 'ɪ', 'l', 'd', 'u', 'e', 's', 'ɡ', 'ʊ', 'æ', 'n', 'ʌ', 'ɛ']"
260,5,25,20,5,15,"['k', 'ə', 'n', 'd', 'p', 'e', 'r', 'z', 'l', 'æ', 'f', 'ʊ', 'ɪ', 'v', 'ɛ']"
261,8,30,26,7,17,"['ð', 'ə', 'd', 'a', 'k', 'p', 'o', 't', 'h', 'ʌ', 'ŋ', 'ɪ', 'n', 'f', 'r', 'l', 'z']"
262,10,36,29,9,16,"['k', 'æ', 'r', 'i', 'ð', 'ə', 'p', 'e', 'ɪ', 'l', 't', 'w', 'ɔ', 'n', 'd', 's']"
263,9,34,30,8,13,"['ð', 'ə', 't', 'r', 'e', 'ɪ', 'n', 'b', 'ɔ', 'a', 'ʊ', 'h', 'ɡ']"
264,8,27,21,8,15,"['w', 'i', 'a', 'ʃ', 'ʊ', 'r', 'ð', 'æ', 't', 'ʌ', 'n', 'ɔ', 'ɪ', 'z', 'f']"
265,6,32,28,6,18,"['ɡ', 'r', 'e', 'ɪ', 'p', 'n', 't', 's', 'tʃ', 'f', 'ɔ', 'm', 'a', 'l', 'z', 'ɛ', 'ʊ', 'd']"
266,7,30,22,6,14,"['ð', 'ə', 'r', 'u', 'd', 'l', 'æ', 'f', 'ɪ', 'e', 'm', 'p', 't', 'i']"
267,7,31,25,7,16,"['h', 'a', 'ɪ', 's', 'i', 't', 'b', 'e', 'f', 'ɔ', 'r', 'ʊ', 'l', 'æ', 'n', 'z']"
268,8,31,28,8,21,"['t', 'i', 's', 'ɛ', 'v', 'd', 'f', 'r', 'ʌ', 'm', 'ð', 'ə', 'b', 'a', 'ʊ', 'n', 'dʒ', 'ɡ', 'ɪ', 'z', 'e']"
269,7,27,22,7,17,"['ə', 'd', 'æ', 'ʃ', 'v', 'p', 'e', 's', 'o', 'j', 'l', 'z', 'b', 'i', 'f', 't', 'u']"
270,8,28,25,8,19,"['ə', 'z', 'e', 's', 't', 'f', 'l', 'u', 'd', 'ɪ', 'ð', 'h', 'o', 'k', 'r', 'ɔ', 'b', 'ʌ', 'n']"
271,10,41,35,9,22,"['ð', 'ə', 'h', 'ɔ', 'r', 's', 't', 'o', 'd', 'ɛ', 'a', 'ʊ', 'n', 'f', 'i', 'l', 'æ', 'b', 'ɪ', 'k', 'p', 'e']"
272,8,35,29,7,18,"['f', 'a', 'ɪ', 'n', 'd', 'ð', 'ə', 't', 'w', 'h', 'u', 's', 'ʊ', 'l', 'p', 'ɛ', 'e', 'k']"
273,8,32,30,7,18,"['k', 'ʌ', 't', 'ð', 'ə', 'ɔ', 'r', 'd', 'æ', 'b', 'a', 'ɪ', 'n', 'z', 'o', 's', 'l', 'i']"
274,7,30,26,6,19,"['ð', 'ə', 'r', 'e', 'd', 't', 'ɪ', 'p', 'b', 'a', 'ʊ', 'n', 's', 'm', 'ʌ', 'ɡ', 'l', 'f', 'u']"
275,9,32,27,8,16,"['l', 'ʊ', 'k', 'ɪ', 'n', 'ð', 'ə', 'ɔ', 'r', 't', 'f', 'a', 'd', 'æ', 'ʃ', 'ɛ']"
276,8,34,31,7,18,"['ð', 'ə', 'k', 'ʊ', 'l', 'd', 'r', 'ɪ', 'z', 'w', 'h', 'ɔ', 't', 'b', 'o', 'n', 'a', 'v']"
277,8,29,26,8,16,"['n', 'a', 'ɪ', 'm', 'e', 'w', 'ɛ', 'h', 'd', 't', 'ə', 'ɡ', 'ð', 'r', 'u', 'z']"
278,7,26,23,7,17,"['ð', 'ə', 'dʒ', 'ʌ', 'ŋ', 'k', 'j', 'a', 'd', 'h', 'æ', 'm', 'ʊ', 'l', 'i', 's', 'e']"
279,8,33,28,8,16,"['ð', 'ə', 'f', 'l', 'ɪ', 'n', 't', 's', 'p', 'ʌ', 'ɛ', 'd', 'a', 'ɔ', 'r', 'tʃ']"
280,8,32,27,7,15,"['s', 'ə', 'ʊ', 'k', 'ð', 'l', 'ɔ', 'θ', 'n', 'd', 'r', 'a', 'ʃ', 'p', 'ɛ']"
281,9,37,30,9,18,"['ð', 'ə', 'ʃ', 'e', 'l', 'v', 'z', 'w', 'ɛ', 'b', 'r', 'ʊ', 'θ', 'dʒ', 'æ', 'm', 'ɔ', 'k']"
282,9,29,27,9,21,"['ə', 'dʒ', 'o', 'j', 't', 'e', 'v', 'ɛ', 'i', 'tʃ', 'a', 'ɪ', 'l', 'd', 'z', 'ð', 's', 'w', 'n', 'b', 'ʊ']"
283,7,31,26,7,18,"['ɔ', 'l', 's', 'æ', 't', 'f', 'r', 'ə', 'ʊ', 'z', 'n', 'd', 'w', 'o', 'tʃ', 'ð', 'k', 'i']"
284,8,30,28,8,18,"['ə', 'k', 'l', 'a', 'ʊ', 'd', 'v', 'ʌ', 's', 't', 'ŋ', 'h', 'ɪ', 'z', 'e', 'n', 'ɛ', 'r']"
285,8,31,24,8,16,"['t', 'ə', 'r', 'i', 'tʃ', 'ð', 'e', 'n', 'd', 'h', 'z', 'm', 'ʌ', 'k', 'ɪ', 'dʒ']"
286,7,31,28,7,19,"['ʃ', 'e', 'ɪ', 'p', 'ð', 'ə', 'k', 'l', 'dʒ', 'n', 't', 'i', 'u', 'b', 'o', 'f', 'ɔ', 'r', 'm']"
287,11,35,28,9,18,"['ə', 'r', 'ɪ', 'dʒ', 'o', 'n', 's', 'm', 'u', 'ð', 'ɛ', 'f', 'z', 'b', 'ʌ', 'p', 'ɔ', 'l']"
288,7,33,28,7,19,"['h', 'e', 'dʒ', 'æ', 'p', 'ə', 'l', 'z', 'm', 'ɪ', 's', 't', 'n', 'j', 'ɔ', 'r', 'd', 'ɡ', 'i']"
289,7,34,25,7,17,"['k', 'w', 'e', 'n', 'tʃ', 'j', 'ɔ', 'r', 'θ', 'ɛ', 's', 't', 'ð', 'i', 'ə', 'æ', 'z']"
290,7,28,26,7,16,"['t', 'a', 'ɪ', 'k', 'ɛ', 'l', 'z', 'ɡ', 'e', 'm', 'p', 'o', 'n', 'r', 'i', 'd']"
291,9,35,30,7,19,"['ð', 'ə', 'm', 'j', 'u', 't', 'ʌ', 'f', 'l', 'd', 'h', 'a', 'ɪ', 'ʊ', 'n', 'z', 'v', 'ɔ', 'r']"
292,8,30,27,8,15,"['ð', 'ə', 'ɡ', 'ʊ', 'l', 'd', 'r', 'ɪ', 'ŋ', 'f', 't', 's', 'n', 'i', 'p']"
293,8,32,26,8,19,"['ð', 'ə', 'ʊ', 'l', 'd', 'p', 'æ', 'n', 'w', 'z', 'k', 'ʌ', 'v', 'ɛ', 'ɪ', 'h', 'a', 'f', 'dʒ']"
294,8,30,25,7,18,"['w', 'o', 'tʃ', 'ð', 'ə', 'l', 'ɔ', 'ɡ', 'f', 'ʊ', 't', 'ɪ', 'n', 'a', 'd', 'r', 'v', 'ɛ']"
295,9,33,27,8,19,"['ð', 'ə', 'n', 'ʊ', 'd', 'o', 's', 't', 'ɔ', 'k', 'v', 'w', 'i', 'ɡ', 'r', 'u', 'e', 'ɪ', 'l']"
296,9,33,28,9,19,"['ð', 'ə', 'h', 'i', 'p', 'v', 'f', 'ɔ', 'l', 'n', 'z', 'w', 's', 'e', 't', 'o', 'a', 'ɪ', 'ɛ']"
297,8,31,26,8,17,"['r', 'a', 'ɪ', 't', 'f', 'æ', 's', 'j', 'u', 'w', 'o', 'n', 'ə', 'ʃ', 'ɛ', 'l', 'i']"
298,9,35,30,8,16,"['h', 'ɪ', 'z', 'ʃ', 'ɛ', 't', 'w', 'ə', 'k', 'l', 'i', 'n', 'b', 'ʌ', 'ɡ', 'ɔ']"
299,11,36,32,10,20,"['ð', 'ə', 'b', 'æ', 'r', 'l', 'v', 'ɪ', 'w', 'z', 'u', 'm', 'ɔ', 't', 'n', 'd', 'h', 'o', 'p', 's']"
300,7,32,27,7,19,"['t', 'ɪ', 'n', 'k', 'æ', 'z', 'a', 'b', 's', 'ə', 'f', 'r', 'ʌ', 'm', 'ɔ', 'ʃ', 'e', 'l', 'v']"
301,7,29,28,7,18,"['s', 'l', 'a', 'ɪ', 'd', 'ð', 'ə', 'b', 'o', 'k', 'n', 't', 'u', 'æ', 'e', 'm', 'p', 'i']"
302,9,36,30,8,17,"['ð', 'ə', 'p', 'l', 'æ', 'n', 't', 'ɡ', 'r', 'u', 'a', 'dʒ', 'd', 'i', 'ɪ', 'w', 'ʊ']"
303,8,36,28,7,19,"['ð', 'ə', 'b', 'i', 'm', 'd', 'r', 'o', 'p', 't', 'a', 'ʊ', 'n', 'w', 'ɛ', 'k', 'z', 'h', 'e']"
304,6,30,26,6,17,"['p', 'ɪ', 'ŋ', 'k', 'l', 'a', 'ʊ', 'd', 'z', 'f', 'ə', 't', 'w', 'ð', 'b', 'r', 'i']"
305,8,33,30,8,19,"['ʃ', 'i', 'd', 'æ', 'n', 's', 't', 'l', 'a', 'ɪ', 'k', 'ə', 'w', 'o', 'ɔ', 'ɡ', 'r', 'e', 'f']"
306,10,39,35,8,17,"['ð', 'ə', 't', 'u', 'b', 'w', 'z', 'l', 'ʊ', 'n', 'd', 'a', 'ɪ', 'f', 'æ', 'j', 's']"
307,9,32,29,9,17,"['ɪ', 't', 'z', 'l', 'e', 'm', 'ɔ', 'r', 'n', 'ŋ', 'o', 'ð', 'ə', 'ʊ', 'd', 'w', 'k']"
308,9,33,28,9,19,"['l', 'e', 't', 's', 'ɔ', 'dʒ', 'o', 'j', 'n', 'æ', 'z', 'w', 'i', 'ɪ', 'ŋ', 'ð', 'ə', 'k', 'r']"
309,7,30,23,7,18,"['ð', 'ə', 'l', 'æ', 's', 't', 'w', 'ɪ', 'tʃ', 'k', 'n', 'o', 'b', 'i', 'ɛ', 'd', 'ɔ', 'f']"
310,8,31,28,8,16,"['ð', 'ə', 'f', 'a', 'ɪ', 't', 'w', 'l', 'e', 'n', 'd', 'dʒ', 'ʌ', 's', 'k', 'm']"
311,8,39,30,8,18,"['ð', 'ə', 's', 't', 'ɔ', 'r', 'w', 'l', 'z', 'ɛ', 'a', 'ɪ', 'n', 'd', 'k', 'ʌ', 'f', 'o']"
312,8,36,27,8,18,"['ð', 'ə', 'p', 'i', 's', 'l', 'ɡ', 'm', 'e', 't', 'd', 'ɪ', 'k', 'ʌ', 'r', 'æ', 'n', 'z']"
313,9,31,28,9,18,"['ð', 'ə', 'r', 'a', 'ɪ', 'z', 't', 'f', 'e', 'm', 'v', 'p', 'ɛ', 's', 'n', 'k', 'l', 'ʌ']"
314,8,32,28,8,16,"['p', 'e', 'ɪ', 'ə', 'z', 's', 'k', 'r', 'ʊ', 'a', 't', 'w', 'ð', 'm', 'ʌ', 'tʃ']"
315,8,33,28,7,18,"['ð', 'ə', 'k', 'w', 'ɪ', 'f', 'o', 's', 'dʒ', 'ʌ', 'm', 'p', 't', 'n', 'l', 'i', 'ŋ', 'æ']"
316,9,36,31,8,18,"['ð', 'ə', 'n', 'o', 'z', 'l', 'v', 'f', 'a', 'ɪ', 'h', 'ʊ', 'w', 'b', 'r', 't', 'æ', 's']"
317,9,33,29,8,17,"['s', 'k', 'r', 'u', 'ð', 'ə', 'a', 'ʊ', 'n', 'd', 'æ', 'p', 'o', 'z', 't', 'ɪ', 'i']"
318,5,23,22,5,16,"['t', 'a', 'ɪ', 'm', 'b', 'r', 'ŋ', 'z', 'ʌ', 's', 'e', 'n', 'i', 'tʃ', 'dʒ', 'ə']"
319,7,26,24,7,16,"['ð', 'ə', 'p', 'ɛ', 'l', 't', 'a', 'ɪ', 'w', 'z', 'e', 'n', 'j', 'r', 'ʊ', 'd']"
320,7,30,28,6,16,"['m', 'e', 'n', 'θ', 'ɪ', 'ŋ', 'k', 'ə', 'd', 'p', 'l', 'æ', 's', 't', 'a', 'z']"
321,7,27,21,7,15,"['f', 'ɪ', 'l', 'ð', 'ə', 'ŋ', 'k', 'dʒ', 'a', 'w', 's', 't', 'i', 'ɡ', 'u']"
322,8,33,31,8,21,"['h', 'i', 's', 'm', 'ə', 'ʊ', 'k', 'b', 'ɪ', 'ɡ', 'p', 'a', 'w', 'ð', 't', 'r', 'ɔ', 'ŋ', 'o', 'n', 'e']"
323,8,32,28,8,21,"['w', 'i', 'n', 'd', 'ɡ', 'r', 'e', 'ɪ', 't', 'ə', 'k', 'p', 'a', 'ʊ', 'm', 'j', 'u', 'l', 'z', 'h', 'θ']"
324,8,29,24,8,16,"['p', 'æ', 'k', 'ð', 'ə', 'r', 'e', 'ɛ', 'd', 'z', 'ɪ', 'n', 'i', 't', 'θ', 's']"
325,11,39,35,9,19,"['ð', 'ə', 'k', 'r', 'ʌ', 'n', 'tʃ', 'v', 'f', 'i', 't', 'ɪ', 's', 'ʊ', 'w', 'z', 'l', 'a', 'd']"
326,8,32,26,7,16,"['ð', 'ə', 'k', 'o', 'p', 'b', 'ʊ', 'l', 'ʃ', 'n', 'ɪ', 's', 'ʌ', 'z', 'r', 'e']"
327,6,27,25,6,16,"['b', 'ɔ', 'r', 'd', 'z', 'w', 'ɪ', 'l', 'p', 'ə', 'n', 'e', 's', 'k', 't', 'a']"
328,7,33,24,6,17,"['ð', 'ə', 'p', 'l', 'ʌ', 'ʃ', 'tʃ', 'e', 'r', 'i', 'n', 'd', 'ɡ', 's', 't', 'w', 'ɔ']"
329,7,31,28,7,17,"['ɡ', 'l', 'æ', 's', 'w', 'ɪ', 'k', 'ŋ', 'e', 'n', 't', 'r', 'ʌ', 'b', 'a', 'm', 'ə']"
330,8,32,28,8,15,"['b', 'e', 'ɪ', 'ð', 'ə', 'n', 'd', 'r', 'l', 'æ', 'k', 's', 'u', 'ɡ', 'i']"
331,8,30,28,8,14,"['n', 'a', 'ɪ', 'r', 'ə', 'ʊ', 'z', 'v', 's', 'l', 'dʒ', 'ɛ', 't', 'd']"
332,9,32,28,9,16,"['ð', 'ə', 'b', 'i', 'tʃ', 'ɪ', 'z', 'd', 'r', 'a', 'n', 'ʃ', 'æ', 'l', 'ʊ', 't']"
333,8,31,28,8,15,"['ð', 'ə', 'a', 'ɪ', 'd', 'i', 'z', 't', 's', 'ʊ', 'b', 'θ', 'e', 'dʒ', 'r']"
334,8,34,28,6,16,"['ð', 'ə', 'k', 'ɪ', 't', 'n', 'tʃ', 'e', 's', 'd', 'ɔ', 'ɡ', 'a', 'ʊ', 'r', 'i']"
335,7,26,25,7,16,"['p', 'e', 'ɪ', 'dʒ', 'ə', 'z', 'b', 'a', 'ʊ', 'n', 'd', 'k', 'l', 'ɔ', 'θ', 'm']"
336,9,35,33,8,15,"['t', 'r', 'a', 'ɪ', 'ə', 'e', 's', 'ð', 'f', 'n', 'l', 'z', 'v', 'p', 'ŋ']"
337,8,31,26,8,18,"['w', 'ɪ', 'm', 'ə', 'n', 'f', 'ɔ', 'r', 'l', 'e', 's', 'ð', 'æ', 'h', 'v', 'ɡ', 'u', 'p']"
338,9,35,30,8,17,"['ð', 'ə', 'z', 'ʊ', 'n', 'm', 'ɛ', 'dʒ', 'ɪ', 's', 'e', 't', 'r', 'l', 'p', 'a', 'v']"
339,9,31,25,9,21,"['ə', 'dʒ', 'e', 'm', 'ɪ', 'n', 'ð', 'r', 'ʌ', 'f', 'i', 'd', 'z', 'w', 'ɛ', 'k', 't', 'p', 'o', 'l', 'ʃ']"
340,7,28,25,7,16,"['k', 'ə', 'ʊ', 'd', 'ɪ', 'z', 'j', 'u', 'w', 'e', 'n', 's', 'i', 'r', 't', 'a']"
341,10,30,27,10,17,"['m', 'ə', 'ʊ', 's', 't', 'v', 'ð', 'n', 'u', 'z', 'ɪ', 'i', 'f', 'ɔ', 'r', 'ʌ', 'h']"
342,8,32,29,8,20,"['h', 'i', 'j', 'u', 'z', 'd', 'ð', 'ə', 'l', 'e', 'ɪ', 't', 'm', 'k', 'b', 'r', 'æ', 's', 'o', 'dʒ']"
343,11,38,34,9,15,"['ð', 'ə', 'v', 'e', 'ɪ', 'n', 'o', 't', 'p', 'ʊ', 'l', 'r', 'i', 'd', 'w']"
344,8,31,26,8,16,"['m', 'ɪ', 'n', 's', 'p', 'a', 'z', 'ə', 'd', 'ʃ', 'ɛ', 'v', 't', 'tʃ', 'l', 'r']"
345,7,30,22,7,16,"['ð', 'ə', 'k', 'l', 'æ', 'n', 'ɡ', 'ɛ', 'd', 'o', 'i', 'tʃ', 'ʌ', 'a', 'ɪ', 't']"
346,9,34,30,8,21,"['l', 'e', 't', 'ɪ', 'b', 'ɛ', 'n', 'ɡ', 'v', 'z', 'ʌ', 's', 'w', 'ɔ', 'r', 'm', 'θ', 'ə', 'd', 'k', 'f']"
347,8,33,31,8,18,"['ə', 'k', 'æ', 's', 'l', 'b', 'ɪ', 't', 'f', 'r', 'ʌ', 'm', 'n', 'd', 'e', 'z', 'j', 'ʊ']"
348,8,27,25,8,17,"['ə', 'tʃ', 'a', 'ɪ', 'l', 'd', 'z', 'w', 't', 's', 'e', 'v', 'ð', 'f', 'ɔ', 'r', 'ʌ']"
349,9,34,29,8,16,"['t', 'æ', 'k', 'ð', 'ə', 's', 'r', 'ɪ', 'p', 'v', 'a', 'w', 'ɔ', 'n', 'f', 'l']"
350,5,21,20,5,15,"['n', 'e', 'k', 's', 't', 'u', 'z', 'd', 'i', 'w', 'm', 'ʌ', 'v', 'ə', 'ʊ']"
351,9,33,28,7,16,"['p', 'ɔ', 'r', 'ð', 'ə', 's', 't', 'u', 'f', 'ʌ', 'm', 'o', 'ɪ', 'n', 'l', 'e']"
352,5,21,16,5,13,"['i', 'tʃ', 'p', 'e', 'n', 'ʃ', 'ə', 'ʊ', 'l', 'a', 'ɪ', 'k', 'u']"
353,9,34,28,7,15,"['ð', 'ə', 'm', 'æ', 'n', 'w', 'e', 't', 'ʊ', 'd', 'z', 'ɡ', 's', 'ɪ', 'k']"
354,8,33,27,7,16,"['ð', 'ə', 'd', 'ɛ', 't', 'p', 'a', 'ɪ', 'l', 'z', 'w', 'n', 'ɔ', 'ŋ', 'r', 'ʊ']"
355,9,39,34,8,20,"['ð', 'ə', 'l', 'ɔ', 'ɡ', 'z', 'f', 'e', 'n', 'd', 't', 'ʌ', 'm', 'b', 'ɪ', 'u', 'k', 'r', 's', 'i']"
356,8,26,26,7,15,"['dʒ', 'ʌ', 's', 't', 'h', 'o', 'j', 'ɪ', 'p', 'ə', 'n', 'd', 'e', 'k', 'w']"
357,9,30,27,8,15,"['ə', 'r', 'a', 'ɪ', 'p', 'l', 'ʌ', 'm', 'z', 'f', 't', 'ɔ', 'k', 'ŋ', 'æ']"
358,6,23,21,6,14,"['a', 'ʊ', 'ə', 'p', 'l', 'æ', 'n', 'z', 'r', 'ɪ', 't', 'h', 'e', 'i']"
359,7,31,27,7,18,"['b', 'r', 'æ', 's', 'ɪ', 'ŋ', 'z', 'a', 'ə', 'ʊ', 'l', 'd', 'ð', 'i', 'n', 'e', 't', 'v']"
360,9,30,26,8,14,"['ɪ', 't', 'e', 'k', 's', 'ə', 'ɡ', 'ʊ', 'd', 'r', 'æ', 'p', 'tʃ', 'b']"
361,7,32,25,7,15,"['f', 'i', 'd', 'ð', 'ə', 'w', 'a', 'ɪ', 't', 'm', 'ʊ', 's', 'ʌ', 'l', 'z']"
362,8,33,25,7,17,"['ð', 'ə', 'θ', 'ɔ', 'k', 'e', 'ɪ', 'm', 'ɛ', 'l', 'i', 'n', 'd', 'f', 'r', 's', 't']"
363,10,38,32,9,14,"['h', 'i', 't', 'ʊ', 'k', 'ð', 'ə', 'l', 'e', 'd', 'n', 'p', 'ɪ', 's']"
364,8,31,24,7,16,"['ð', 'ə', 'k', 'i', 'j', 'u', 'd', 'ɪ', 'z', 'a', 'n', 'w', 'l', 'f', 't', 'o']"
365,9,35,28,7,15,"['p', 'l', 'i', 'd', 't', 'ə', 'ð', 'k', 'a', 'ʊ', 'n', 's', 'f', 'r', 'θ']"
366,7,26,21,7,15,"['b', 'e', 't', 'ə', 'h', 'æ', 'ʃ', 'ɪ', 'z', 'm', 'd', 'v', 'r', 'i', 'f']"
367,7,28,25,7,19,"['ð', 'ɪ', 's', 'p', 'l', 'æ', 'ŋ', 'k', 'w', 'ə', 'z', 'm', 'e', 'd', 'f', 'ɔ', 'r', 'o', 'n']"
368,8,29,26,7,16,"['ð', 'ə', 'l', 'e', 'ɪ', 'k', 's', 'p', 'a', 'd', 'n', 'r', 'h', 'o', 't', 'ʌ']"
369,7,30,22,7,14,"['h', 'i', 'k', 'r', 'ɔ', 'l', 'd', 'w', 'ɪ', 'ð', 'e', 'ə', 'ŋ', 'dʒ']"
370,7,30,24,6,18,"['t', 'e', 'n', 'd', 'ð', 'ə', 'ʃ', 'i', 'p', 'w', 'a', 'ɪ', 'l', 'ɔ', 'ɡ', 'o', 'ɛ', 'z']"
371,9,30,27,9,17,"['ɪ', 't', 'e', 'k', 's', 'ə', 'l', 'o', 'v', 'h', 'p', 'f', 'n', 'ʃ', 'ð', 'i', 'z']"
372,8,30,27,8,15,"['m', 'a', 'k', 'ð', 'ə', 's', 'p', 'o', 't', 'w', 'ɪ', 'n', 'e', 'd', 'r']"
373,7,26,22,7,13,"['t', 'e', 'ɪ', 'k', 'u', 'ʃ', 'r', 'z', 'æ', 'ə', 'f', 'p', 'o']"
374,8,27,26,8,19,"['ð', 'ə', 'f', 'ɛ', 'v', 'k', 'æ', 't', 's', 'ɡ', 'ʊ', 'z', 'b', 'a', 'ɪ', 'm', 'e', 'n', 'i']"
375,6,29,27,6,18,"['n', 'ɔ', 'r', 'θ', 'w', 'ɪ', 'd', 'z', 'b', 'ŋ', 'k', 'ə', 'ʊ', 'l', 'f', 'i', 'v', 'ɛ']"
376,8,27,26,8,19,"['h', 'i', 'æ', 's', 'k', 'n', 'ə', 'ʊ', 'p', 'ɛ', 't', 'v', 'a', 'tʃ', 'f', 'ɔ', 'r', 'ɪ', 'm']"
377,6,21,20,6,16,"['ɡ', 'ə', 'ʊ', 'n', 'a', 'd', 'k', 'ʌ', 'm', 'h', 'ɪ', 'r', 'l', 'e', 't', 'ɛ']"
378,9,31,28,9,18,"['ə', 's', 'æ', 'ʃ', 'v', 'ɡ', 'ʊ', 'l', 'd', 'ɪ', 'k', 'w', 't', 'r', 'm', 'h', 'ɛ', 'e']"
379,6,23,22,6,16,"['s', 'ə', 'ʊ', 'p', 'k', 'æ', 'n', 'w', 'o', 'ʃ', 'm', 't', 'd', 'ɛ', 'e', 'ɪ']"
380,7,26,22,7,15,"['ð', 'æ', 't', 'm', 'u', 'v', 'i', 'n', 'z', 'ə', 'ɡ', 'e', 'ɪ', 'ʊ', 'ɛ']"
381,8,27,26,8,17,"['h', 'i', 'r', 'ə', 'ʊ', 't', 'd', 'a', 'n', 'l', 'ɔ', 'ŋ', 'ɪ', 's', 'v', 'm', 'z']"
382,7,31,24,7,18,"['ə', 's', 'i', 'dʒ', 'w', 'ɪ', 'l', 'k', 'r', 'æ', 'ð', 't', 'ɔ', 'ŋ', 'd', 'f', 'e', 'n']"
383,6,25,22,6,17,"['ɡ', 'r', 'e', 'ɪ', 'p', 'dʒ', 'u', 's', 'ə', 'n', 'd', 'w', 'ɔ', 't', 'm', 'k', 'l']"
384,6,26,21,6,16,"['r', 'ə', 'ʊ', 'd', 'z', 'a', 'p', 'e', 'ɪ', 'v', 'w', 'ð', 's', 't', 'k', 'i']"
385,6,28,26,6,16,"['f', 'e', 'ɪ', 'k', 's', 't', 'ə', 'ʊ', 'n', 'z', 'ʃ', 'a', 'b', 'ʌ', 'o', 'l']"
386,9,34,31,8,16,"['ð', 'ə', 'd', 'r', 'ɪ', 'p', 'v', 'e', 'n', 'm', 'l', 'z', 't', 's', 'a', 'ʊ']"
387,6,26,22,6,16,"['s', 'm', 'ə', 'ʊ', 'k', 'p', 'ɔ', 'r', 'd', 'a', 't', 'v', 'e', 'ɛ', 'i', 'æ']"
388,8,30,26,7,16,"['s', 'ɛ', 'v', 'ð', 'ə', 'h', 'o', 't', 'r', 'ʌ', 'm', 'a', 'ɪ', 'd', 'ʊ', 'z']"
389,7,28,24,7,18,"['m', 'ʌ', 'tʃ', 'ə', 'v', 'ð', 's', 't', 'ɔ', 'r', 'i', 'e', 'ɪ', 'k', 'ɡ', 'ʊ', 'd', 'n']"
390,9,32,28,8,15,"['ð', 'ə', 's', 'ʌ', 'n', 'k', 'e', 'ɪ', 'm', 'p', 't', 'l', 'a', 'i', 'ɛ']"
391,7,27,23,6,16,"['h', 'i', 'v', 'ð', 'ə', 'l', 'a', 'ɪ', 'n', 'ʊ', 'p', 'ɔ', 'r', 't', 's', 'd']"
392,7,25,23,7,17,"['ə', 'l', 'e', 'ɪ', 'ð', 'k', 'ʌ', 't', 's', 'n', 'd', 'r', 'm', 'z', 'i', 'w', 'ʊ']"
393,8,32,29,8,15,"['ɪ', 't', 's', 'ə', 'd', 'e', 'n', 'k', 'r', 'a', 'ʊ', 'u', 'ŋ', 'w', 'z']"
394,9,34,29,8,17,"['h', 'ɪ', 'z', 'p', 's', 't', 'r', 'ʌ', 'k', 'ð', 'ə', 'n', 'i', 'v', 'e', 'l', 'ɛ']"
395,7,29,26,7,17,"['ð', 'ə', 's', 't', 'e', 'ɪ', 'l', 'm', 'v', 'ʊ', 'd', 'b', 'r', 'ŋ', 'ɡ', 'ɛ', 'z']"
396,8,29,25,7,19,"['ð', 'ə', 'd', 'e', 's', 'k', 'w', 'z', 'f', 'ɛ', 'm', 'o', 'n', 'ʃ', 'ɪ', 'i', 'l', 'ɔ', 'r']"
397,8,28,25,8,16,"['ɪ', 't', 'e', 'k', 's', 'h', 'i', 'ə', 'b', 'r', 'ŋ', 'a', 'ʊ', 'ð', 'd', 'ɛ']"
398,6,25,19,6,15,"['b', 'i', 'f', 'ɪ', 'z', 's', 'k', 'a', 'ə', 'ð', 'æ', 'n', 'ʌ', 'm', 'l']"
399,8,36,29,7,17,"['r', 'e', 'ɪ', 'z', 'ð', 'ə', 's', 'l', 'n', 'd', 't', 'ʃ', 'p', 'ɔ', 'θ', 'w', 'ɛ']"
400,7,28,27,7,17,"['ə', 'k', 'ʊ', 'n', 'o', 's', 't', 'f', 'a', 'ɪ', 'v', 'e', 'm', 'ʌ', 'd', 'i', 'z']"
401,2,17,14,2,11,"['h', 'a', 'v', 'ɛ', 'd', 's', 'e', 'n', 't', 'ə', 'z']"
402,8,26,24,8,17,"['ə', 'p', 'o', 'd', 'ɪ', 'z', 'w', 'ʌ', 't', 'i', 'ɔ', 'l', 'e', 'ɡ', 'r', 'ʊ', 'n']"
403,7,29,24,7,15,"['dʒ', 'ɛ', 'k', 'ð', 'æ', 't', 'd', 'a', 'f', 'r', 'ʌ', 'm', 'ə', 'ɔ', 'ɡ']"
404,6,24,23,6,13,"['n', 'ə', 'ʊ', 's', 'm', 'e', 't', 'w', 'ɪ', 'l', 'h', 'd', 'a']"
405,8,28,23,8,20,"['w', 'i', 'n', 'a', 'ʊ', 'h', 'æ', 'v', 'ə', 'u', 'b', 'e', 'ɪ', 's', 'f', 'ɔ', 'r', 'ʃ', 'p', 'ŋ']"
406,9,33,29,9,17,"['ə', 'l', 'ɪ', 's', 't', 'v', 'n', 'e', 'm', 'z', 'k', 'a', 'd', 'ɛ', 'ʊ', 'ð', 'b']"
407,8,25,21,8,18,"['ð', 'ə', 'ʃ', 'i', 'p', 'w', 'ɛ', 'l', 'e', 'd', 'h', 'ʊ', 'm', 'b', 'a', 'ɪ', 'ɔ', 'ɡ']"
408,8,33,26,8,18,"['θ', 'r', 'i', 'f', 'ɔ', 'ə', 'd', 'a', 'ɪ', 'm', 'ð', 'j', 'ʌ', 'ŋ', 'p', 'e', 'l', 'k']"
409,10,38,29,9,15,"['ð', 'ə', 's', 'e', 'n', 'v', 'm', 'l', 'ɪ', 'z', 'b', 't', 'æ', 'ʌ', 'tʃ']"
410,7,28,25,7,16,"['n', 'ə', 'ʊ', 'h', 'a', 'd', 'ʃ', 'ɪ', 'p', 's', 'i', 'm', 't', 'e', 'k', 'æ']"
411,7,27,25,7,20,"['ɡ', 'r', 'e', 'ɪ', 's', 'm', 'k', 'ʌ', 'p', 'f', 'ɔ', 'l', 'æ', 'ə', 'v', 'b', 'j', 'u', 't', 'i']"
412,6,24,21,6,15,"['n', 'ʌ', 'dʒ', 'e', 't', 'l', 'i', 'b', 'w', 'ɪ', 'k', 'h', 'ɛ', 'a', 'ʊ']"
413,7,35,31,7,17,"['ð', 'ə', 'n', 'u', 'z', 's', 't', 'r', 'ʌ', 'k', 'd', 'a', 'ʊ', 'ɪ', 'e', 'l', 'm']"
414,6,25,21,6,16,"['w', 'ʌ', 'n', 's', 'i', 't', 'ʊ', 'd', 'b', 'ɪ', 'a', 'ð', 'ə', 'ʃ', 'ɔ', 'r']"
415,10,34,29,9,18,"['ə', 'tʃ', 'ɪ', 'ŋ', 'k', 'n', 'ð', 'w', 'ɔ', 'l', 'a', 'ʊ', 'd', 'r', 'æ', 'f', 't', 'b']"
416,6,23,19,6,15,"['f', 'æ', 's', 'ə', 'n', 't', 'u', 'p', 'ɪ', 'z', 'o', 'i', 'tʃ', 'a', 'd']"
417,7,29,27,7,16,"['ə', 'k', 'ʊ', 'l', 'd', 'ɪ', 'p', 'r', 's', 't', 'ɔ', 'z', 'h', 'e', 'θ', 'n']"
418,8,31,23,8,17,"['h', 'i', 't', 'e', 'ɪ', 'k', 's', 'ð', 'ə', 'ʊ', 'θ', 'v', 'ɔ', 'f', 'tʃ', 'm', 'a']"
419,10,38,34,8,15,"['ð', 'ə', 's', 'n', 'd', 'r', 'ɪ', 'f', 't', 'ʊ', 'v', 'l', 'z', 'h', 'a']"
420,10,38,35,9,17,"['ð', 'ə', 'p', 'o', 'j', 'n', 't', 'v', 's', 'i', 'l', 'e', 'w', 'z', 'b', 'd', 'ɪ']"
421,8,31,24,8,18,"['ð', 'e', 'r', 'ɪ', 'z', 'ə', 'l', 'æ', 'ɡ', 'b', 't', 'w', 'i', 'n', 'θ', 'ɔ', 'd', 'k']"
422,8,32,28,8,16,"['s', 'i', 'd', 'ɪ', 'z', 'n', 'ə', 't', 'p', 'l', 'æ', 'ð', 'r', 'ŋ', 'k', 'ɔ']"
423,7,31,24,7,20,"['d', 'r', 'ɔ', 'ð', 'ə', 'tʃ', 'a', 't', 'w', 'ɪ', 'h', 'e', 'v', 'i', 'b', 'l', 'æ', 'k', 'n', 'z']"
424,7,27,23,7,20,"['ð', 'ə', 'b', 'o', 'j', 'ʊ', 'd', 'h', 'ɪ', 'z', 'p', 'æ', 'l', 'θ', 'ɛ', 'i', 's', 'e', 'n', 't']"
425,9,36,31,8,19,"['ð', 'ə', 'tʃ', 'æ', 'p', 's', 'l', 'ɪ', 't', 'n', 'u', 'k', 'r', 'a', 'ʊ', 'd', 'w', 'z', 'ɔ']"
426,9,30,25,8,15,"['h', 'æ', 't', 's', 'a', 'w', 'ɔ', 'r', 'n', 'ə', 'i', 'd', 'o', 'ɪ', 'ɛ']"
427,8,28,25,7,15,"['ð', 'ə', 'r', 'æ', 'm', 'p', 'l', 'e', 'd', 'ʌ', 't', 'w', 'a', 'ɪ', 'h']"
428,9,32,27,7,17,"['b', 'i', 't', 'ð', 'ə', 'd', 'ʌ', 's', 'f', 'r', 'm', 'ɡ', 'o', 'n', 'u', 'l', 'ɔ']"
429,8,29,27,7,14,"['s', 'e', 'ɪ', 't', 'l', 'ə', 'ʊ', 'i', 'b', 'ʌ', 'm', 'k', 'r', 'ŋ']"
430,6,28,25,6,18,"['ð', 'ə', 's', 't', 'r', 'ɔ', 'n', 'e', 'h', 'a', 'ʊ', 'z', 'd', 'f', 'ɪ', 'v', 'o', 'b']"
431,7,32,28,7,17,"['s', 'k', 'r', 'i', 'n', 'ð', 'ə', 'p', 'ɔ', 'tʃ', 'w', 'ɪ', 'ʊ', 'v', 't', 'm', 'æ']"
432,2,17,14,2,11,"['h', 'a', 'v', 'ɛ', 'd', 's', 'e', 'n', 't', 'ə', 'z']"
433,9,34,29,9,16,"['ð', 'ɪ', 's', 'h', 'ɔ', 'r', 'w', 'l', 'n', 'ə', 'ʊ', 'z', 'e', 't', 'f', 'ʃ']"
434,7,31,28,6,15,"['ð', 'ə', 'd', 'r', 'a', 'ɪ', 'w', 'æ', 'k', 's', 'p', 't', 'e', 'i', 'tʃ']"
435,9,31,28,9,19,"['h', 'i', 'p', 'ɪ', 'k', 't', 'ʌ', 'ð', 'ə', 'd', 'a', 's', 'f', 'ɔ', 'r', 'e', 'n', 'ʊ', 'l']"
436,9,34,29,9,17,"['ð', 'i', 'z', 'k', 'o', 'j', 'n', 'w', 'ɪ', 'l', 'b', 'd', 'ə', 't', 'p', 'e', 'h']"
437,7,29,23,6,18,"['ð', 'ə', 'n', 'æ', 'ɡ', 'p', 'ʊ', 'l', 'd', 'f', 'r', 'e', 'ɪ', 'k', 'a', 't', 'ɔ', 'ŋ']"
438,7,31,26,7,16,"['t', 'w', 'ɪ', 's', 'ð', 'ə', 'v', 'æ', 'l', 'n', 'd', 'r', 'i', 'h', 'o', 'm']"
439,9,30,26,8,16,"['ð', 'ə', 'v', 'æ', 'm', 'p', 'ʃ', 'u', 'h', 'd', 'ɡ', 'ʊ', 'l', 'b', 'ʌ', 'k']"
440,8,32,27,8,19,"['ð', 'ə', 's', 'm', 'e', 'l', 'v', 'b', 'ɛ', 'n', 'd', 'r', 'æ', 'ɡ', 'z', 'ɪ', 'tʃ', 'a', 'ʊ']"
441,6,27,23,6,13,"['n', 'u', 'p', 'æ', 't', 's', 'l', 'k', 'ʌ', 'f', 'ə', 'd', 'o']"
442,7,32,24,7,18,"['ð', 'ə', 'm', 'a', 'ʃ', 'w', 'ɪ', 'l', 'f', 'r', 'i', 'z', 'e', 'n', 'k', 'ʊ', 'd', 'ʌ']"
443,2,17,14,2,11,"['h', 'a', 'v', 'ɛ', 'd', 's', 'e', 'n', 't', 'ə', 'z']"
444,8,33,26,8,13,"['ð', 'e', 'ɪ', 's', 'l', 'a', 'ə', 'ɔ', 'dʒ', 'θ', 'n', 'w', 'f']"
445,9,30,27,8,18,"['ð', 'ə', 'b', 'l', 'u', 'm', 'v', 'r', 'ʊ', 'z', 'æ', 's', 't', 'f', 'j', 'd', 'e', 'ɪ']"
446,7,28,24,7,15,"['ə', 'ɡ', 'r', 'e', 'ɪ', 'm', 'w', 'ɔ', 'k', 't', 'b', 'f', 'ð', 'ʊ', 'l']"
447,8,33,29,8,19,"['b', 'r', 'e', 'k', 'f', 'ə', 's', 't', 'ʌ', 'n', 'z', 'a', 'ɪ', 'w', 'ð', 'h', 'o', 'd', 'ŋ']"
448,6,25,25,6,19,"['b', 'o', 't', 'ə', 'l', 'z', 'h', 'ʊ', 'd', 'f', 'ɔ', 'r', 'k', 'a', 'ɪ', 'n', 'v', 'ʌ', 'm']"
449,9,30,25,9,15,"['ð', 'ə', 'm', 'æ', 'n', 'w', 'ɔ', 'r', 'f', 'e', 'ɪ', 'h', 'z', 'l', 't']"
450,8,34,29,7,19,"['h', 'i', 'w', 'l', 'd', 'ð', 'ə', 'b', 'a', 'ɪ', 'k', 'p', 'æ', 's', 't', 'n', 'ŋ', 'r', 'ʊ']"
451,8,27,25,7,16,"['d', 'r', 'o', 'p', 'ð', 'ə', 'æ', 'ʃ', 'z', 'n', 'w', 'ɔ', 'ʊ', 'l', 'ʌ', 'ɡ']"
452,8,34,29,8,19,"['ð', 'ə', 'd', 'e', 's', 'k', 'n', 'b', 'ʊ', 'θ', 'tʃ', 'r', 'z', 'w', 'ɛ', 'p', 'ɪ', 't', 'æ']"
453,8,31,29,8,18,"['θ', 'r', 'ə', 'ʊ', 'a', 't', 'ð', 'j', 'u', 'z', 'd', 'p', 'e', 'ɪ', 'k', 'ʌ', 'n', 'l']"
454,7,26,20,6,11,"['ə', 'k', 'l', 'i', 'n', 'e', 'm', 'z', 't', 'o', 'ɛ']"
455,8,34,27,8,22,"['ð', 'ə', 'k', 'a', 'ʊ', 'tʃ', 'ʌ', 'v', 'n', 'd', 'h', 'ɔ', 'l', 'r', 'e', 'ɪ', 'p', 's', 'w', 'ɛ', 'b', 'u']"
456,9,39,33,8,18,"['ð', 'ə', 's', 't', 'e', 'm', 'z', 'v', 'ɔ', 'l', 'ɡ', 'æ', 'k', 'r', 'n', 'd', 'b', 'ʊ']"
457,7,28,23,7,13,"['ð', 'ə', 'w', 'ɔ', 'l', 'f', 'ʊ', 'n', 'r', 'æ', 'ŋ', 'a', 'd']"
458,8,32,27,8,15,"['ð', 'ə', 'k', 'l', 'ʊ', 'z', 'd', 'r', 'a', 'ɪ', 'o', 'n', 'θ', 'w', 'æ']"
459,8,34,27,8,17,"['t', 'ɛ', 'n', 'a', 'ʊ', 'ð', 'ə', 'l', 'æ', 'w', 'ɪ', 'tʃ', 'ɡ', 'v', 'z', 'ʌ', 's']"
460,8,33,28,7,17,"['ð', 'ə', 'k', 'l', 'i', 't', 's', 'æ', 'ŋ', 'd', 'p', 'ɪ', 'n', 'u', 'o', 'f', 'ɛ']"
461,11,46,37,9,20,"['ð', 'ə', 'b', 'ɪ', 'l', 'z', 'w', 'ɛ', 'm', 'e', 'd', 'p', 'r', 'o', 't', 'i', 'n', 'θ', 'v', 'ʌ']"
462,9,31,27,8,15,"['t', 'ə', 'h', 'æ', 'v', 'ɪ', 'z', 'b', 'e', 'ð', 'n', 'w', 'd', 'ʊ', 'p']"
463,9,34,28,9,21,"['ð', 'ə', 'p', 'r', 'a', 'ɪ', 's', 'z', 'f', 'e', 'ɔ', 'ɡ', 'ʊ', 'd', 'æ', 'n', 't', 'i', 'k', 'l', 'o']"
464,7,31,26,7,18,"['ð', 'ə', 'm', 'j', 'u', 'z', 'ɪ', 'k', 'p', 'l', 'e', 'd', 'o', 'n', 'w', 'a', 't', 'ɔ']"
465,9,31,28,8,15,"['d', 'ɪ', 's', 'p', 'e', 'n', 'w', 'ð', 'ə', 'v', 't', 'o', 'l', 'a', 'k']"
466,8,34,30,8,18,"['ð', 'ə', 'b', 'ʌ', 'n', 'tʃ', 'v', 'ɡ', 'r', 'e', 'ɪ', 'p', 's', 'w', 'z', 't', 'u', 'a']"
467,9,35,30,8,19,"['h', 'i', 's', 'e', 'n', 't', 'ð', 'ə', 'f', 'ɪ', 'ɡ', 'z', 'b', 'ʌ', 'k', 'p', 'r', 'a', 'tʃ']"
468,9,34,28,8,17,"['ð', 'ə', 'h', 'ɪ', 'n', 'dʒ', 'o', 'd', 'ɔ', 'r', 'k', 'i', 't', 'w', 'ʊ', 'l', 'e']"
469,9,37,31,7,15,"['ð', 'ə', 's', 'k', 'r', 'i', 'n', 'b', 'ɪ', 'f', 'ɔ', 'a', 'e', 'p', 't']"
470,8,31,30,8,15,"['f', 'l', 'a', 'ɪ', 'b', 'n', 't', 'ə', 'd', 'j', 'u', 'w', 'e', 's', 'm']"
471,7,33,27,7,18,"['θ', 'ɪ', 'k', 'ɡ', 'l', 'æ', 's', 'ə', 'z', 'h', 'e', 'p', 't', 'm', 'r', 'd', 'ð', 'n']"
472,8,33,27,8,17,"['b', 'ɛ', 'θ', 'ə', 'n', 'd', 'e', 'm', 'a', 'k', 's', 'ð', 'l', 'ɪ', 't', 'v', 'f']"
473,8,34,28,8,20,"['ð', 'ə', 'tʃ', 'e', 'r', 'l', 'ʊ', 'k', 't', 's', 'ɔ', 'ŋ', 'b', 'ʌ', 'h', 'æ', 'd', 'n', 'o', 'm']"
474,8,30,27,7,14,"['ð', 'ə', 'k', 'a', 'ɪ', 't', 'f', 'l', 'u', 'w', 'd', 'i', 'n', 'h']"
475,7,25,22,7,16,"['ə', 'f', 'ɛ', 'm', 'ʌ', 'ɪ', 'z', 's', 't', 'a', 'l', 'ʃ', 'w', 'n', 'ɔ', 'r']"
476,6,28,27,6,18,"['ð', 'ə', 't', 'ɪ', 'n', 'b', 'o', 'k', 's', 'h', 'e', 'l', 'd', 'p', 'r', 'a', 'ʊ', 'z']"
477,8,26,21,8,16,"['w', 'i', 'n', 'd', 'æ', 'e', 'ə', 'v', 'ɔ', 'l', 's', 'ʌ', 'tʃ', 'm', 't', 'ɛ']"
478,9,33,31,8,17,"['ð', 'ə', 'k', 'e', 'ɪ', 's', 'w', 'z', 'p', 'ʌ', 'l', 'ŋ', 't', 'ʊ', 'd', 'n', 'a']"
479,9,37,29,8,19,"['ð', 'ə', 'b', 'r', 'a', 'ɪ', 't', 'l', 'æ', 'n', 'ɛ', 'z', 'w', 'ɡ', 'e', 'o', 'd', 'k', 'ɔ']"
480,9,31,28,8,17,"['w', 'i', 'd', 'ə', 'ʊ', 'n', 't', 'ɡ', 'e', 'm', 'ʌ', 'tʃ', 'b', 'h', 'æ', 'v', 'f']"
481,8,35,29,8,19,"['ð', 'ə', 'j', 'u', 'θ', 'd', 'r', 'ʊ', 'v', 'w', 'ɪ', 'z', 'e', 's', 't', 'b', 'ʌ', 'l', 'k']"
482,8,30,25,8,18,"['f', 'a', 'ɪ', 'v', 'j', 'r', 'z', 'h', 'i', 'l', 'd', 'w', 'ð', 'ə', 'ʃ', 'æ', 'ɡ', 'ɔ']"
483,7,29,22,7,15,"['ə', 'f', 'e', 'n', 's', 'k', 'ʌ', 't', 'θ', 'r', 'u', 'ð', 'ɔ', 'l', 'o']"
484,10,33,30,9,17,"['ð', 'ə', 'w', 'e', 'ɪ', 't', 's', 'v', 'm', 'ʌ', 'n', 'i', 'z', 'o', 'p', 'd', 'tʃ']"
485,9,34,27,8,20,"['ʃ', 'ʌ', 't', 'ð', 'ə', 'h', 'æ', 'tʃ', 'b', 'ɪ', 'f', 'ɔ', 'r', 'w', 'e', 'v', 'z', 'p', 'ʊ', 'n']"
486,8,35,29,8,19,"['ð', 'ə', 'ʊ', 'd', 'v', 's', 'p', 'r', 'ɪ', 'ŋ', 'm', 'e', 'k', 'j', 'ʌ', 'h', 'a', 't', 'dʒ']"
487,8,36,28,8,20,"['k', 'r', 'æ', 'ð', 'ə', 'w', 'ɔ', 'l', 'n', 'ʌ', 't', 'ɪ', 'j', 'ʃ', 'a', 'p', 's', 'd', 'i', 'θ']"
488,10,36,27,10,20,"['h', 'i', 'ɔ', 'f', 'ɛ', 'd', 'p', 'r', 'u', 'ɪ', 'n', 'ð', 'ə', 'm', 'v', 'l', 'a', 'dʒ', 'tʃ', 't']"
489,8,28,24,8,16,"['s', 'e', 'n', 'd', 'ð', 'ə', 't', 'ʌ', 'f', 'ɪ', 'θ', 'k', 'p', 'b', 'æ', 'ɡ']"
490,10,33,31,10,17,"['ə', 'k', 'w', 'ɔ', 'r', 't', 'v', 'm', 'ɪ', 'l', 'z', 'f', 'ð', 'ʊ', 's', 'p', 'a']"
491,7,30,30,7,16,"['ð', 'e', 'ɪ', 't', 'ə', 'ʊ', 'l', 'd', 'w', 'a', 'z', 'f', 'r', 'n', 'h', 'm']"
492,8,33,28,8,18,"['ð', 'ə', 'θ', 'r', 'i', 's', 't', 'ɔ', 'h', 'a', 'ʊ', 'w', 'z', 'b', 'ɪ', 'l', 'v', 'n']"
493,11,41,33,10,19,"['ɪ', 'n', 'ð', 'ə', 'r', 'v', 'ɡ', 'a', 'ʊ', 'd', 'f', 'l', 'ɔ', 'w', 'z', 'dʒ', 'p', 'æ', 's']"
494,10,30,26,9,15,"['ə', 'm', 'æ', 'n', 'ɪ', 'b', 'l', 'u', 's', 'w', 'e', 't', 'ð', 'd', 'k']"
495,9,30,26,9,17,"['ə', 'ʊ', 't', 's', 'a', 'f', 'u', 'd', 'i', 'n', 'b', 'ɪ', 'h', 'ɔ', 'r', 'm', 'æ']"
496,7,31,26,7,20,"['ð', 'e', 'r', 'a', 'ɪ', 'l', 'd', 'z', 'u', 'p', 'f', 'ɔ', 'w', 'o', 'n', 't', 'ə', 'v', 's', 'i']"
497,8,30,28,8,16,"['ə', 's', 'ɪ', 'p', 'v', 't', 'i', 'r', 'a', 'z', 'h', 'ɛ', 'd', 'f', 'e', 'n']"
498,8,31,23,8,16,"['ð', 'e', 'r', 'a', 'm', 'n', 'i', 'w', 'ɪ', 'z', 't', 'ə', 'd', 'u', 'θ', 'ŋ']"
499,9,32,23,7,14,"['t', 'ʌ', 'k', 'ð', 'ə', 'ʃ', 'i', 'n', 'd', 'e', 'dʒ', 'v', 'm', 'æ']"
500,9,34,25,9,19,"['ə', 'f', 'ɔ', 'r', 's', 'i', 'k', 'w', 'l', 't', 'ð', 'æ', 'ʊ', 'd', 'm', 'u', 'v', 'ɛ', 'θ']"
501,6,23,18,6,13,"['w', 'i', 'l', 'a', 'ɪ', 'k', 't', 'ə', 's', 'r', 'e', 'ð', 'ɛ']"
502,10,34,27,9,18,"['ð', 'ə', 'w', 'ɛ', 'k', 'v', 't', 'e', 'ɪ', 'l', 'z', 's', 'i', 'n', 'o', 'tʃ', 'a', 'd']"
503,8,27,24,7,14,"['t', 'e', 'ɪ', 'k', 'ə', 'tʃ', 'æ', 'n', 's', 'd', 'w', 'a', 'o', 'l']"
504,7,33,28,7,20,"['ʃ', 'e', 'ɪ', 'k', 'ð', 'ə', 'd', 'ʌ', 's', 't', 'f', 'r', 'm', 'j', 'ɔ', 'u', 'z', 'n', 'dʒ', 'ɛ']"
505,7,25,24,7,15,"['ʃ', 'i', 'w', 'ə', 'z', 'k', 'a', 'ɪ', 'n', 'd', 't', 's', 'ʊ', 'l', 'p']"
506,9,40,32,9,18,"['ð', 'ə', 's', 'k', 'w', 'e', 'r', 'ʊ', 'd', 'n', 'ɪ', 't', 'z', 'p', 'æ', 'b', 'i', 'ʃ']"
507,8,32,28,7,17,"['ð', 'ə', 'd', 'ʌ', 's', 't', 'i', 'b', 'e', 'n', 'tʃ', 'ʊ', 'a', 'ɪ', 'w', 'ɔ', 'l']"
508,9,33,28,9,15,"['w', 'i', 'd', 'r', 'e', 's', 't', 'ə', 'u', 'ð', 'v', 'm', 'ʊ', 'ɪ', 'z']"
509,6,25,22,6,16,"['s', 'm', 'a', 'ɪ', 'l', 'w', 'e', 'n', 'j', 'u', 'æ', 't', 'i', 'ɛ', 'd', 'z']"
510,9,32,27,9,19,"['ə', 'b', 'ʊ', 'l', 'v', 'r', 'a', 'ɪ', 's', 'z', 'f', 'i', 'w', 'ð', 'tʃ', 'k', 'n', 't', 'u']"
511,11,39,30,11,18,"['ð', 'ə', 'w', 'ɔ', 't', 'ɪ', 'n', 's', 'e', 'l', 'z', 'r', 'v', 'ɡ', 'ʊ', 'd', 'h', 'θ']"
512,8,33,28,8,14,"['t', 'e', 'ɪ', 'k', 'ʃ', 'l', 'ə', 'n', 'ð', 's', 'b', 'ʌ', 'i', 'p']"
513,10,35,29,10,19,"['ð', 'æ', 't', 'ɡ', 'a', 'ɪ', 'z', 'ə', 'r', 'v', 'f', 'j', 'u', 'b', 'n', 'd', 'ʊ', 'k', 's']"
514,2,17,14,2,11,"['h', 'a', 'v', 'ɛ', 'd', 's', 'e', 'n', 't', 'ə', 'z']"
515,7,30,23,7,11,"['ð', 'ə', 'l', 'ɪ', 't', 'e', 'z', 'a', 'f', 'ɔ', 's']"
516,9,37,30,9,17,"['ð', 'ə', 'd', 'ɔ', 'r', 'w', 'z', 'b', 'a', 'l', 'o', 'k', 't', 'n', 'ʊ', 'æ', 'e']"
517,8,31,27,8,16,"['r', 'a', 'ɪ', 'p', 'e', 'z', 'f', 't', 'ɔ', 'ə', 'k', 'w', 'i', 'n', 'b', 'l']"
518,9,31,29,9,18,"['ə', 'b', 'ɪ', 'ɡ', 'w', 'e', 't', 's', 'n', 'z', 'o', 'ð', 'r', 'a', 'ʊ', 'd', 'k', 'p']"
519,8,36,31,8,17,"['ð', 'ə', 'k', 'a', 'ɪ', 't', 'd', 'p', 'n', 's', 'w', 'e', 'b', 'ʌ', 'l', 'ɔ', 'f']"
520,8,32,28,8,19,"['ð', 'ə', 'p', 'l', 'e', 'z', 'n', 't', 'a', 'ʊ', 'ɛ', 'f', 'ɪ', 'b', 'm', 'ʌ', 'tʃ', 'u', 's']"
521,8,29,27,8,15,"['ð', 'ə', 'r', 'u', 'm', 'w', 'z', 'k', 'a', 'ʊ', 'd', 'ɪ', 'l', 'o', 'b']"
522,7,33,23,7,18,"['ð', 'ɪ', 's', 't', 'r', 'ɔ', 'ŋ', 'a', 'm', 'ʃ', 'æ', 'l', 'i', 'd', 'j', 'o', 'n', 'ɛ']"
523,9,35,28,9,20,"['ʃ', 'i', 'b', 'l', 'ʌ', 't', 'w', 'e', 'n', 'h', 'ɡ', 'ɪ', 'v', 'ɛ', 'ə', 'a', 'ɔ', 'r', 'k', 'd']"
524,8,30,26,7,17,"['ð', 'ə', 'b', 'i', 't', 'l', 'd', 'r', 'ʊ', 'n', 'ɪ', 'h', 'o', 'dʒ', 'u', 's', 'ʌ']"
525,7,29,24,7,15,"['p', 'r', 'e', 's', 'ð', 'ə', 'd', 'l', 'w', 'ɪ', 'j', 'ɔ', 'f', 't', 'ʊ']"
526,5,24,21,5,16,"['n', 'i', 't', 'p', 'l', 'æ', 'z', 'f', 'e', 'ɪ', 'w', 'θ', 'a', 'ʊ', 'ʌ', 'k']"
527,7,31,26,6,16,"['ð', 'ə', 'b', 'l', 'æ', 'k', 't', 'r', 'ʌ', 'ŋ', 'f', 'e', 'm', 'n', 'd', 'ɪ']"
528,8,33,28,7,18,"['ð', 'ə', 'b', 'æ', 'ŋ', 'k', 'p', 'r', 'e', 's', 't', 'f', 'ɔ', 'ɪ', 'm', 'n', 'v', 'd']"
529,9,34,29,8,18,"['ð', 'ə', 'θ', 'e', 'f', 't', 'v', 'p', 'ɛ', 'l', 'ɪ', 'n', 'w', 'z', 'k', 's', 'i', 'r']"
530,6,31,27,6,18,"['ʃ', 'e', 'ɪ', 'k', 'h', 'ə', 'n', 'd', 'z', 'w', 'ð', 's', 'f', 'r', 'l', 'i', 'tʃ', 'a']"
531,8,39,32,7,16,"['ð', 'ə', 'v', 'æ', 's', 't', 'p', 'e', 'ɪ', 'r', 'tʃ', 'n', 'u', 'f', 'a', 'd']"
532,9,31,27,9,16,"['ə', 'r', 'ɪ', 'tʃ', 'f', 'a', 'm', 'z', 'e', 'n', 'ð', 's', 'd', 'i', 'w', 't']"
533,6,28,24,6,14,"['h', 'ɪ', 'z', 'w', 'a', 'd', 'ɡ', 'r', 'n', 'ɛ', 'm', 'e', 'i', 'f']"
534,7,26,27,7,17,"['f', 'l', 'æ', 'k', 's', 'm', 'e', 'ɪ', 'ə', 'a', 'n', 'b', 'r', 'd', 'v', 'p', 'ɛ']"
535,10,33,28,9,15,"['h', 'ɛ', 'd', 'ə', 'l', 'ð', 'p', 'ɪ', 't', 'w', 'e', 'v', 'ɔ', 'ŋ', 'ʊ']"
536,8,34,28,8,17,"['ə', 's', 't', 'r', 'ɔ', 'ŋ', 'b', 'ɪ', 'd', 'm', 'e', 'k', 'j', 'p', 'a', 'n', 'f']"
537,8,29,25,8,17,"['i', 'v', 'ə', 'n', 'dʒ', 'ʌ', 's', 't', 'k', 'o', 'z', 'd', 'p', 'a', 'ʊ', 'w', 'ɪ']"
538,8,31,26,7,15,"['p', 'i', 'ʌ', 'n', 'd', 'ə', 'ð', 't', 'e', 's', 'k', 'l', 'a', 'ʊ', 'z']"
539,8,31,27,8,16,"['ð', 'ə', 'l', 'i', 'f', 'd', 'r', 'ɪ', 't', 's', 'ɔ', 'ŋ', 'w', 'ʊ', 'p', 'n']"
540,7,33,27,7,19,"['tʃ', 'i', 'p', 'k', 'l', 'ə', 'ʊ', 'ð', 'z', 'a', 'f', 'æ', 'ʃ', 'b', 'ʌ', 't', 'd', 'n', 's']"
541,8,32,26,8,20,"['ə', 'θ', 'ɪ', 'ŋ', 'v', 's', 'm', 'ɔ', 'l', 'n', 'ʊ', 't', 'k', 'æ', 'o', 'z', 'd', 'p', 'e', 'r']"
542,8,36,31,8,18,"['f', 'l', 'ʌ', 'd', 'ð', 'ə', 'm', 'e', 'ɪ', 'z', 'w', 'r', 'k', 's', 't', 'ɔ', 'b', 'ʊ']"
543,8,32,26,8,17,"['ə', 'θ', 'ɪ', 'k', 'ʊ', 't', 'v', 'b', 'l', 'æ', 'p', 'e', 'n', 'ʌ', 'ɛ', 'd', 'ɔ']"
544,10,34,31,10,20,"['ð', 'ə', 'p', 'e', 'n', 's', 'l', 'w', 'z', 'k', 'ʌ', 't', 'b', 'i', 'ʃ', 'a', 'æ', 'ʊ', 'θ', 'd']"
545,7,34,29,7,18,"['ð', 'ə', 'ʊ', 'z', 'l', 'æ', 's', 't', 'w', 'ɛ', 'd', 'r', 'ɔ', 'ŋ', 'e', 'ɪ', 'm', 'n']"
546,11,38,34,10,20,"['h', 'i', 'r', 'ə', 'ʊ', 't', 'ɪ', 'z', 'n', 'e', 'm', 'b', 'l', 'd', 'æ', 'ð', 'o', 'p', 'v', 'ʃ']"
547,7,30,26,7,16,"['d', 'ɪ', 'l', 'p', 'k', 'ə', 'z', 'a', 's', 'ʊ', 'b', 'ʌ', 't', 'e', 'f', 'n']"
548,10,36,31,9,17,"['d', 'a', 'ʊ', 'n', 'ð', 'æ', 't', 'r', 'ə', 'ɪ', 'z', 'w', 'e', 'ɡ', 'f', 'm', 'ɛ']"
549,9,33,27,9,18,"['i', 'ð', 'ə', 'm', 'ʌ', 'd', 'ɔ', 'r', 's', 't', 'a', 'f', 'ʊ', 'n', 'æ', 'l', 'ɪ', 'z']"
550,11,38,36,11,17,"['ð', 'ə', 'b', 'e', 's', 't', 'm', 'θ', 'd', 'ɪ', 'z', 'f', 'k', 'n', 'p', 'l', 'w']"
551,8,31,26,8,17,"['ɪ', 'f', 'j', 'u', 'm', 'ʌ', 'b', 'ə', 'l', 'ɔ', 'r', 's', 'p', 'i', 'tʃ', 'w', 't']"
552,10,38,32,10,19,"['æ', 't', 'n', 'a', 'ɪ', 'ð', 'ə', 'l', 'm', 'r', 'ʊ', 'z', 'd', 'h', 'f', 'ʌ', 'i', 'p', 's']"
553,6,24,19,6,13,"['r', 'e', 'd', 'dʒ', 'ʌ', 's', 't', 'w', 'ð', 'ə', 'm', 'i', 'z']"
554,9,40,33,9,18,"['f', 'ɪ', 'l', 'j', 'ɔ', 'r', 'p', 'æ', 'k', 'w', 'ð', 'b', 'a', 't', 'ŋ', 'ə', 's', 'ʊ']"
555,7,26,24,7,18,"['ð', 'ə', 's', 'm', 'ɔ', 'l', 'r', 'e', 'd', 'n', 'i', 'o', 'æ', 'p', 'w', 't', 'a', 'ʊ']"
556,7,30,28,7,19,"['k', 'l', 'æ', 'm', 'z', 'a', 's', 'ɔ', 'r', 'ʊ', 'n', 'd', 'o', 'f', 't', 'ə', 'e', 'ɪ', 'i']"
557,7,33,29,7,20,"['ð', 'ə', 'f', 'æ', 'n', 'w', 'ɛ', 'l', 'd', 'ɪ', 't', 's', 'r', 'a', 'ʊ', 'b', 'e', 'z', 'ɔ', 'i']"
558,8,32,26,7,15,"['ð', 'ə', 'l', 'a', 'ɪ', 'n', 'w', 'e', 'r', 'dʒ', 'z', 'o', 'j', 'k', 'i']"
559,7,29,23,7,14,"['b', 'r', 'i', 'ð', 'd', 'p', 'ə', 'n', 's', 'm', 'e', 'l', 'a', 'ɪ']"
560,10,38,31,10,18,"['ɪ', 't', 'm', 'æ', 'ɛ', 'z', 'n', 'o', 'f', 'h', 'i', 'r', 'd', 'ð', 'w', 'ɔ', 'ə', 'ʊ']"
561,8,32,28,8,20,"['ə', 'b', 'r', 'a', 'ʊ', 'n', 'l', 'e', 'ð', 'æ', 'ɡ', 'h', 'ʌ', 'ŋ', 'f', 'm', 'ɪ', 't', 's', 'p']"
562,10,31,26,9,14,"['ə', 't', 'ʊ', 'd', 'n', 'f', 'r', 'o', 'ɡ', 'a', 'h', 'e', 'l', 'p']"
563,8,32,27,8,19,"['ə', 'w', 'a', 'ɪ', 't', 's', 'l', 'k', 'dʒ', 'æ', 'ɡ', 'ʊ', 'z', 'ð', 'e', 'n', 'i', 'ʃ', 'u']"
564,9,32,29,8,20,"['ə', 'b', 'r', 'e', 'ɪ', 'k', 'n', 'ð', 'd', 'æ', 'm', 'ɔ', 'l', 'ʊ', 's', 't', 'o', 'z', 'f', 'ʌ']"
565,8,33,27,7,18,"['p', 'e', 'ɪ', 'n', 't', 'ð', 'ə', 's', 'o', 'k', 'w', 'ɔ', 'l', 'd', 'ʌ', 'ɡ', 'r', 'i']"
566,7,32,26,6,17,"['ð', 'ə', 'tʃ', 'a', 'ɪ', 'l', 'd', 'k', 'r', 'ɔ', 'n', 't', 'u', 'e', 's', 'ɡ', 'æ']"
567,6,28,24,6,17,"['b', 'r', 'a', 'ɪ', 'z', 'f', 'e', 'l', 'w', 'o', 'n', 'ə', 's', 't', 'm', 'ɛ', 'k']"
568,8,38,32,7,17,"['t', 'r', 'æ', 'm', 'p', 'ə', 'l', 'ð', 's', 'a', 'k', 'e', 'f', 'ɪ', 'z', 'w', 'd']"
569,10,41,35,9,17,"['ð', 'ə', 'h', 'ɪ', 'l', 't', 'v', 's', 'ɔ', 'r', 'd', 'w', 'z', 'k', 'a', 'f', 'n']"
570,9,39,30,9,16,"['ə', 'r', 'a', 'ʊ', 'n', 'd', 'h', 'l', 'w', 'z', 'ɪ', 'θ', 'u', 'ð', 'b', 'ɔ']"
571,9,39,30,8,20,"['f', 'ʊ', 't', 'p', 'r', 'ɪ', 'n', 's', 'ʃ', 'ə', 'd', 'ð', 'æ', 'θ', 'h', 'i', 'k', 'ʌ', 'b', 'tʃ']"
572,7,26,24,7,18,"['ʃ', 'i', 'w', 'ə', 'z', 'e', 'ɪ', 't', 'ŋ', 'æ', 'm', 'a', 'f', 'r', 'ʌ', 'n', 'l', 'ɔ']"
573,9,33,24,9,13,"['ə', 'v', 'e', 'n', 't', 'ɪ', 'r', 'ð', 'dʒ', 'b', 'ɔ', 'f', 'ʃ']"
574,8,31,28,8,16,"['p', 'r', 'o', 'd', 'ð', 'ə', 'ʊ', 'l', 'm', 'j', 'u', 'w', 'ɪ', 'k', 's', 't']"
575,9,31,27,9,16,"['ɪ', 't', 'z', 'ə', 'b', 'n', 'd', 'v', 's', 'i', 'l', 'θ', 'r', 'tʃ', 'w', 'a']"
576,9,35,30,7,21,"['ð', 'ə', 'p', 'a', 'ɪ', 'r', 'æ', 'n', 'ɔ', 'l', 'm', 'ʊ', 's', 't', 'e', 'ŋ', 'k', 'θ', 'v', 'd', 'tʃ']"
577,12,44,39,12,20,"['ɪ', 't', 'w', 'ə', 'z', 'h', 'd', 'n', 'f', 'r', 'ʌ', 'm', 's', 'a', 'b', 'æ', 'v', 'l', 'i', 'ʃ']"
578,11,42,33,9,19,"['ð', 'ə', 'w', 'e', 'ɪ', 't', 'v', 'p', 'æ', 'k', 'dʒ', 'z', 's', 'i', 'n', 'o', 'h', 'a', 'l']"
579,9,38,35,8,19,"['w', 'e', 'ɪ', 'k', 'ə', 'n', 'd', 'r', 'a', 'z', 's', 't', 'p', 'u', 'ð', 'ɡ', 'i', 'ʊ', 'ɔ']"
580,8,35,29,7,18,"['ð', 'ə', 'ɡ', 'r', 'i', 'n', 'l', 'a', 'ɪ', 't', 'b', 'ʊ', 'o', 'k', 's', 'f', 'ɛ', 'd']"
581,7,30,23,6,17,"['ð', 'ə', 'b', 'r', 'æ', 's', 't', 'u', 'ɛ', 'k', 'l', 'd', 'h', 'a', 'ɪ', 'w', 'ɔ']"
582,10,39,32,10,17,"['ð', 'ə', 'l', 'ʊ', 'b', 'z', 'v', 'h', 'ɛ', 'ɪ', 'r', 'w', 'p', 's', 't', 'd', 'ŋ']"
583,10,37,32,8,15,"['h', 'ə', 'ʊ', 'l', 'd', 'ð', 'æ', 'm', 'n', 'ɪ', 'r', 'e', 't', 'a', 'v']"
584,8,32,29,7,17,"['n', 'e', 'k', 's', 't', 'ʌ', 'd', 'ɪ', 'z', 'ð', 'ə', 'w', 'l', 'f', 'θ', 'v', 'm']"
585,8,32,27,8,18,"['e', 'v', 'ɛ', 'i', 'w', 'd', 'ə', 'n', 'f', 'r', 'ɪ', 'z', 'h', 's', 'p', 'k', 't', 'u']"
586,10,39,35,10,23,"['h', 'i', 'p', 'ʊ', 't', 'ɪ', 'z', 'l', 'æ', 's', 'k', 'a', 'r', 'ə', 'dʒ', 'n', 'u', 'ð', 'ɡ', 'ʌ', 'd', 'f', 'ɛ']"
587,8,36,29,8,18,"['ð', 'e', 'ɪ', 't', 'ʊ', 'k', 'r', 'd', 'z', 'f', 'ʌ', 'm', 'ə', 'p', 'b', 'l', 's', 'u']"
588,7,32,26,6,15,"['d', 'r', 'a', 'ɪ', 'v', 'ð', 'ə', 's', 'k', 'u', 't', 'e', 'n', 'w', 'ʊ']"
589,8,36,28,7,16,"['k', 'i', 'p', 'ð', 'ə', 'h', 'æ', 'tʃ', 't', 'a', 'ɪ', 'n', 'd', 'w', 'o', 's']"
590,10,37,31,9,13,"['s', 'e', 'v', 'ə', 'ð', 't', 'w', 'a', 'ɪ', 'n', 'k', 'p', 'f']"
591,6,22,21,6,12,"['p', 'e', 'ɪ', 'ə', 'w', 'l', 'd', 'r', 'a', 'ʊ', 't', 'n']"
592,8,31,27,7,15,"['s', 'l', 'a', 'ɪ', 'd', 'ð', 'ə', 'k', 'æ', 'tʃ', 'b', 'n', 'ʊ', 'p', 'e']"
593,7,34,27,7,17,"['h', 'e', 'l', 'p', 'ð', 'ə', 'w', 'i', 'k', 't', 'r', 'z', 'ɛ', 'v', 's', 'ŋ', 'θ']"
594,6,26,24,6,17,"['ə', 's', 'ʌ', 'l', 'n', 'm', 'a', 'ɪ', 'ɡ', 'e', 't', 'f', 'j', 'u', 'r', 'd', 'z']"
595,7,33,25,7,18,"['s', 't', 'o', 'p', 'w', 'ɪ', 'l', 'ŋ', 'ə', 'n', 'd', 'tʃ', 'ð', 'b', 'j', 'z', 'm', 'a']"
596,8,31,29,7,18,"['dʒ', 'ɛ', 'k', 'ð', 'ə', 'ɔ', 'r', 'd', 'n', 'a', 'ʊ', 't', 'ʌ', 'm', 'b', 'l', 'z', 'ɡ']"
597,7,29,25,6,16,"['s', 'l', 'a', 'ɪ', 'd', 'ð', 'ə', 't', 'r', 'e', 'k', 'ɔ', 'ɡ', 'æ', 'o', 'p']"
598,10,36,33,10,20,"['ð', 'ə', 'k', 'l', 'a', 'ʊ', 'd', 'm', 'u', 'v', 'ɪ', 'n', 's', 't', 'e', 'i', 'w', 'z', 'ɡ', 'ɔ']"
599,7,28,26,7,15,"['l', 'a', 'ɪ', 't', 'm', 'e', 'p', 'ə', 'k', 's', 'f', 'ɔ', 'r', 'w', 'u']"
600,7,28,22,7,15,"['s', 'e', 't', 'ð', 'ə', 'p', 'i', 'h', 'ɪ', 'r', 'n', 'd', 'ʌ', 'θ', 'ŋ']"
601,5,23,18,5,17,"['d', 'ʌ', 'l', 's', 't', 'ɔ', 'r', 'i', 'z', 'm', 'e', 'ɪ', 'k', 'h', 'ɛ', 'æ', 'f']"
602,9,32,26,9,16,"['ə', 's', 't', 'ɪ', 'f', 'k', 'ɔ', 'r', 'd', 'w', 'l', 'u', 'æ', 'n', 'j', 'ʃ']"
603,8,29,25,7,18,"['ɡ', 'e', 't', 'ð', 'ə', 'r', 'ʌ', 's', 'f', 'n', 'd', 'b', 'æ', 'ŋ', 'k', 'ɛ', 'l', 'i']"
604,8,33,26,7,17,"['tʃ', 'u', 'z', 'b', 'ɪ', 't', 'w', 'i', 'n', 'ð', 'ə', 'h', 'a', 'r', 'ʊ', 'd', 'l']"
605,8,29,25,8,17,"['ə', 'p', 'l', 'i', 'f', 'ɔ', 'r', 'ʌ', 'n', 'd', 'z', 's', 'm', 't', 'k', 'ɡ', 'e']"
606,9,35,32,9,18,"['h', 'i', 'l', 'e', 'n', 't', 'ɪ', 'z', 'k', 'ə', 'ʊ', 'ð', 'ɔ', 'ɡ', 's', 'r', 'dʒ', 'ɛ']"
607,10,40,32,10,19,"['ð', 'e', 'r', 'ɪ', 'z', 'ə', 's', 't', 'ɔ', 'ŋ', 'tʃ', 'æ', 'n', 'w', 'l', 'h', 'p', 'ʌ', 'm']"
608,9,32,26,8,17,"['ð', 'ə', 'd', 'u', 'k', 'l', 'e', 'f', 't', 'p', 'a', 'ɪ', 'n', 's', 'v', 'ʊ', 'tʃ']"
609,7,32,25,7,16,"['ɡ', 'r', 'i', 't', 'ð', 'ə', 'n', 'u', 'e', 's', 'd', 'l', 'v', 'k', 'w', 'ɪ']"
610,10,36,31,10,20,"['w', 'e', 'n', 'ð', 'ə', 'f', 'r', 'ɔ', 's', 't', 'h', 'æ', 'z', 'k', 'ʌ', 'm', 'ɪ', 'a', 'ɛ', 'i']"
611,6,30,22,6,17,"['s', 'w', 'i', 't', 'ɛ', 'd', 'z', 'k', 'b', 'e', 'ə', 'ð', 'æ', 'n', 'f', 'ɪ', 'r']"
612,7,28,25,7,16,"['ə', 'θ', 'ɪ', 'n', 's', 't', 'r', 'a', 'p', 'ʌ', 'z', 'd', 'ʊ', 'ð', 'm', 'l']"
613,9,28,25,8,16,"['ə', 's', 'ɪ', 'k', 'ʌ', 'm', 'z', 'p', 'ɔ', 'r', 'f', 'n', 'ð', 'æ', 't', 'e']"
614,7,28,24,7,18,"['l', 'ʌ', 'ʃ', 'f', 'ɛ', 'n', 'z', 'ɡ', 'r', 'ə', 'ʊ', 'o', 'ð', 'ɔ', 't', 'i', 'k', 's']"
615,7,32,25,6,16,"['ð', 'ə', 'r', 'æ', 'm', 's', 'k', 'e', 'd', 'u', 'l', 'tʃ', 'ɪ', 'n', 'ɔ', 'f']"
616,8,33,27,7,17,"['ð', 'ə', 't', 'i', 'm', 'w', 'ɪ', 'b', 'e', 's', 'a', 'ŋ', 'l', 'ʊ', 'k', 'ɡ', 'd']"
617,9,35,30,9,19,"['ð', 'ə', 'f', 'a', 'm', 's', 'w', 'o', 'p', 't', 'h', 'ɪ', 'z', 'ɔ', 'r', 'b', 'ʊ', 'n', 'k']"
618,11,37,29,10,17,"['s', 'ɪ', 't', 'o', 'n', 'ð', 'ə', 'p', 'ɛ', 'tʃ', 'd', 'e', 'l', 'ʌ', 'z', 'w', 'u']"
619,8,30,28,8,15,"['ə', 's', 't', 'i', 'p', 'r', 'e', 'ɪ', 'l', 'z', 'n', 'f', 'ɔ', 'a', 'ʊ']"
620,7,28,23,7,16,"['ð', 'ə', 'ɛ', 'l', 'i', 'f', 'e', 'ɪ', 'z', 'v', 'a', 'm', 'u', 'æ', 's', 't']"
621,7,31,26,7,16,"['ɡ', 'r', 'i', 'n', 'm', 'ɔ', 's', 'ə', 'ʊ', 'z', 'o', 'ð', 'ɛ', 'a', 'ɪ', 'd']"
622,8,28,25,8,14,"['t', 'i', 'ɪ', 'n', 'θ', 'tʃ', 'a', 'ə', 'h', 'æ', 'z', 's', 'w', 'e']"
623,9,38,28,7,16,"['p', 'ɪ', 'tʃ', 'ð', 'ə', 's', 't', 'r', 'ɔ', 'θ', 'u', 'd', 'v', 'e', 'b', 'l']"
624,9,32,26,8,15,"['ð', 'ə', 'l', 'æ', 'tʃ', 'o', 'n', 'b', 'k', 'ɡ', 'e', 'ɪ', 't', 'i', 'd']"
625,9,42,33,8,21,"['ð', 'ə', 'ɡ', 'u', 's', 'w', 'z', 'b', 'r', 'ɔ', 't', 'e', 'ɪ', 'f', 'ʌ', 'm', 'ʊ', 'l', 'd', 'a', 'k']"
626,10,36,29,9,17,"['ð', 'ə', 's', 'ɪ', 'ŋ', 'k', 'z', 'θ', 'n', 'w', 'tʃ', 'i', 'p', 'a', 'l', 'd', 'ʃ']"
627,10,37,33,10,19,"['ə', 'w', 'ɪ', 'f', 'v', 't', 'l', 'k', 'j', 'ʊ', 'r', 'ð', 'm', 's', 'ʌ', 'b', 'ɛ', 'n', 'd']"
628,8,33,29,8,21,"['ð', 'ə', 'f', 'æ', 'k', 't', 's', 'd', 'ʊ', 'n', 'ɔ', 'l', 'w', 'e', 'ɪ', 'z', 'ʃ', 'h', 'u', 'r', 'a']"
629,9,36,30,8,18,"['ʃ', 'i', 'f', 'l', 'æ', 'p', 's', 'h', 'ɛ', 'k', 'e', 'ɪ', 'z', 'd', 'ð', 'ə', 't', 'r']"
630,11,37,30,9,16,"['ð', 'ə', 'l', 'ɔ', 's', 'v', 'k', 'r', 'u', 'z', 'w', 'b', 'ʊ', 't', 'f', 'i']"
631,9,32,28,8,16,"['l', 'u', 'p', 'ð', 'ə', 'b', 'r', 'e', 'ɪ', 'd', 't', 'f', 'n', 'ʊ', 'v', 'ɛ']"
632,9,36,28,8,16,"['p', 'l', 'i', 'd', 'w', 'ɪ', 'ð', 'ə', 'ɔ', 'j', 't', 'r', 'o', 's', 'k', 'z']"
633,6,31,25,6,18,"['k', 'æ', 'v', 'z', 'θ', 'r', 'a', 'ɪ', 'o', 'n', 't', 'e', 'd', 'ə', 's', 'p', 'ŋ', 'ɡ']"
634,7,27,24,7,15,"['p', 'ə', 'ʊ', 's', 't', 'n', 'b', 'ɪ', 'l', 'z', 'o', 'ð', 'ɔ', 'f', 'w']"
635,8,30,24,8,19,"['t', 'i', 'r', 'ə', 'θ', 'ɪ', 'n', 'ʃ', 'f', 'ʌ', 'm', 'ð', 'j', 'e', 'l', 'ʊ', 'p', 'æ', 'd']"
636,11,37,31,9,19,"['ə', 'k', 'r', 'u', 'z', 'ɪ', 'n', 'w', 'ɔ', 'm', 't', 'ɛ', 's', 'l', 'i', 'j', 'o', 'f', 'ʌ']"
637,9,32,27,9,18,"['ə', 's', 't', 'r', 'i', 'k', 'v', 'ʌ', 'l', 'æ', 'n', 'd', 'a', 'ʊ', 'ð', 'e', 'f', 'dʒ']"
638,9,31,25,8,19,"['ɪ', 't', 'w', 'ə', 'z', 'd', 'ʌ', 'n', 'b', 'f', 'ɔ', 'r', 'ð', 'o', 'j', 'k', 'ʊ', 's', 'i']"
639,8,32,26,8,18,"['k', 'r', 'a', 'ʊ', 'tʃ', 'b', 'ɪ', 'f', 'ɔ', 'j', 'u', 'dʒ', 'ʌ', 'm', 'p', 's', 'ð', 'ə']"
640,8,32,28,7,17,"['p', 'æ', 'k', 'ð', 'ə', 'ɪ', 't', 's', 'n', 'd', 'ʊ', 'f', 'ɛ', 'ɡ', 'e', 'ɔ', 'l']"
641,9,36,31,8,17,"['ð', 'ə', 's', 'k', 'w', 'e', 'r', 'p', 'ɡ', 'ɪ', 'l', 't', 'n', 'a', 'ʊ', 'd', 'h']"
642,5,23,22,5,14,"['f', 'a', 'ɪ', 'n', 's', 'ə', 'ʊ', 'p', 'e', 'v', 'z', 't', 'd', 'k']"
643,6,28,23,6,17,"['p', 'ə', 'ʊ', 'tʃ', 't', 'e', 'ɡ', 'z', 'n', 'd', 'i', 'm', 'ʌ', 's', 'f', 'a', 'ɪ']"
644,8,30,26,8,18,"['b', 'æ', 'd', 'n', 'ɛ', 'v', 'z', 'a', 'dʒ', 'ŋ', 'ɡ', 'ə', 'l', 'ɪ', 'ɔ', 'r', 's', 'm']"
645,8,38,32,8,21,"['ʃ', 'ɪ', 'p', 'm', 'æ', 's', 'a', 'd', 'f', 'ɛ', 'ə', 'n', 't', 'r', 'ʌ', 'ð', 'ʊ', 'z', 'ɔ', 'l', 'e']"
646,6,29,25,6,15,"['d', 'a', 'ɪ', 'm', 'z', 'ʃ', 'ʊ', 'ɛ', 'n', 'f', 'r', 'ʌ', 'ɔ', 'l', 's']"
647,8,31,24,8,16,"['ð', 'e', 'ɪ', 's', 'æ', 'ŋ', 'ə', 'm', 't', 'u', 'n', 'z', 'i', 'tʃ', 'p', 'a']"
648,10,36,31,9,16,"['ð', 'ə', 's', 'k', 'a', 'ɪ', 'n', 'w', 'e', 't', 'z', 'ŋ', 'd', 'ɔ', 'r', 'dʒ']"
649,8,32,27,8,18,"['ð', 'ə', 'p', 'o', 'd', 'z', 'v', 'i', 'f', 'ɛ', 'm', 'e', 'n', 't', 'ɪ', 'b', 'r', 'l']"
650,8,34,26,7,17,"['ð', 'ə', 'h', 'ɔ', 'r', 's', 'b', 'k', 't', 'n', 'd', 'θ', 'u', 'l', 'a', 'ɪ', 'ɛ']"
651,8,35,28,7,17,"['ð', 'ə', 'h', 'ɪ', 'tʃ', 'b', 't', 'w', 'i', 'n', 'ɔ', 'r', 's', 'd', 'k', 'a', 'ʊ']"
652,8,30,25,7,16,"['p', 'a', 'ɪ', 'l', 'ð', 'ə', 'k', 'ʊ', 'h', 'n', 'ʃ', 'e', 'd', 'ɔ', 'r', 'ɛ']"
653,8,28,28,8,18,"['ə', 'ɡ', 'ʊ', 'l', 'd', 'v', 'e', 'ɪ', 's', 'z', 'b', 'θ', 'r', 'n', 'k', 'o', 't', 'i']"
654,8,36,29,8,19,"['ð', 'ə', 'n', 'a', 'ɪ', 'f', 'w', 'z', 'h', 'ʌ', 'ŋ', 's', 'd', 't', 'b', 'r', 'ʃ', 'i', 'θ']"
655,8,33,28,7,15,"['ð', 'ə', 'r', 'e', 's', 't', 'p', 'a', 'ɪ', 'k', 'ʌ', 'm', 'z', 'f', 'i']"
656,9,34,27,9,18,"['ð', 'ə', 'r', 'u', 'f', 'ʃ', 'ʊ', 'd', 'b', 'i', 't', 'ɪ', 'l', 'æ', 'a', 'p', 's', 'n']"
657,8,31,24,8,17,"['ə', 's', 'm', 'æ', 't', 'v', 'f', 'r', 'e', 'n', 'tʃ', 'ɪ', 'z', 'w', 'ɛ', 'ð', 'ʌ']"
658,8,34,29,7,14,"['ð', 'ə', 'm', 'j', 'u', 'l', 't', 'r', 'o', 'd', 'e', 'ɪ', 'n', 'a']"
659,11,37,34,10,17,"['ð', 'ə', 'e', 'ɪ', 'm', 'v', 'k', 'o', 'n', 't', 's', 'z', 'r', 'ɡ', 'f', 'ʌ', 'd']"
660,9,30,28,9,15,"['t', 'ə', 's', 'e', 'n', 'd', 'ɪ', 'a', 'ʊ', 'l', 'dʒ', 'm', 'z', 'b', 'æ']"
661,9,30,25,9,18,"['ð', 'e', 'r', 'ɪ', 'z', 'ə', 'f', 'a', 'n', 'h', 'd', 't', 'æ', 'ŋ', 's', 'ɔ', 'l', 'i']"
662,9,35,28,8,17,"['k', 'o', 'd', 'ɪ', 'z', 'ð', 'ə', 'm', 'e', 'n', 'b', 's', 'v', 'ɔ', 'r', 'θ', 'ʃ']"
663,9,36,33,9,22,"['ð', 'ə', 's', 'l', 'æ', 'b', 'w', 'z', 'h', 'j', 'u', 'n', 'f', 'r', 'ʌ', 'm', 'e', 'v', 'ɪ', 'o', 'k', 't']"
664,7,35,32,7,16,"['d', 'ʌ', 'ŋ', 'k', 'ð', 'ə', 's', 't', 'e', 'ɪ', 'l', 'b', 'n', 'u', 'r', 'ɔ']"
665,5,26,24,5,18,"['h', 'æ', 'ŋ', 't', 'ɪ', 'n', 's', 'ə', 'l', 'f', 'r', 'ʌ', 'm', 'b', 'ʊ', 'θ', 'tʃ', 'z']"
666,8,29,23,8,15,"['k', 'æ', 'p', 'ð', 'ə', 'dʒ', 'a', 'w', 'ɪ', 't', 'b', 'r', 's', 'ʌ', 'v']"
667,7,28,22,6,15,"['ð', 'ə', 'p', 'ʊ', 'r', 'b', 'o', 'j', 'm', 'ɪ', 's', 't', 'ɡ', 'e', 'n']"
668,10,34,30,10,19,"['b', 'i', 'ʃ', 'ʊ', 'r', 't', 'ə', 's', 'e', 'ð', 'æ', 'l', 'm', 'p', 'f', 'ɛ', 'ɪ', 'n', 'h']"
669,9,30,25,9,13,"['p', 'ɪ', 'k', 'ə', 'a', 'd', 'n', 's', 'l', 't', 'ʌ', 'ð', 'æ']"
670,8,29,25,8,19,"['ə', 'r', 'a', 'ʊ', 'n', 'd', 'm', 'æ', 't', 'w', 'ɪ', 'l', 'k', 'ʌ', 'v', 'ð', 's', 'p', 'o']"
671,8,34,28,7,20,"['ð', 'ə', 'f', 'ɛ', 's', 't', 'p', 'a', 'v', 'l', 'æ', 'n', 'i', 'd', 'z', 'tʃ', 'e', 'ɪ', 'dʒ', 'ŋ']"
672,10,35,28,10,18,"['ə', 'ɡ', 'ʊ', 'd', 'b', 'k', 'ɪ', 'n', 'f', 'ɔ', 'r', 'm', 'z', 'v', 'w', 'ʌ', 't', 'i']"
673,8,32,25,8,19,"['ð', 'ə', 'm', 'e', 'ɪ', 'l', 'k', 'ʌ', 'z', 'n', 'θ', 'r', 'i', 'b', 'æ', 'tʃ', 'p', 'ɛ', 'd']"
674,8,26,23,8,16,"['j', 'u', 'k', 'æ', 'n', 'o', 't', 'b', 'r', 'i', 'ɪ', 'ə', 'ʊ', 'l', 'd', 'p']"
675,7,30,26,7,15,"['d', 'o', 't', 's', 'ə', 'v', 'l', 'a', 'ɪ', 'b', 'r', 'e', 'ð', 'æ', 'k']"
676,10,35,31,9,16,"['p', 'ʊ', 't', 'ð', 'ə', 'tʃ', 'a', 'r', 'o', 'n', 'm', 'æ', 'l', 'd', 'k', 'ɪ']"
677,7,28,26,7,14,"['ð', 'ə', 'n', 'a', 'ɪ', 't', 'ʃ', 'f', 'm', 'e', 'r', 'k', 's', 'p']"
678,7,32,28,6,14,"['ð', 'ə', 'r', 'e', 'd', 'p', 'ɪ', 'b', 'a', 't', 'n', 'm', 's', 'dʒ']"
679,7,28,22,7,15,"['s', 'i', 'ð', 'ə', 'p', 'l', 'e', 'ɪ', 'k', 'u', 't', 'θ', 'ɛ', 'd', 'b']"
680,7,31,24,6,15,"['s', 'l', 'a', 'ɪ', 'd', 'ð', 'ə', 'b', 't', 'w', 'i', 'n', 'u', 'v', 'z']"
681,7,26,24,7,17,"['m', 'e', 'n', 'i', 'h', 'ə', 'd', 'z', 'l', 'p', 'ɡ', 't', 'ð', 'dʒ', 'o', 'b', 'ʌ']"
682,8,32,30,8,15,"['w', 'i', 'd', 'ə', 'ʊ', 'n', 't', 'l', 'a', 'ɪ', 'k', 'm', 's', 'ɔ', 'f']"
683,8,30,28,7,13,"['n', 'ə', 'ʊ', 'd', 'a', 't', 'b', 'ð', 'w', 'e', 'ɪ', 'l', 'z']"
684,8,32,27,8,18,"['d', 'ɪ', 'ɡ', 'i', 'p', 'n', 'ð', 'ə', 'ɛ', 'θ', 'f', 'ɔ', 'r', 'a', 't', 's', 'ʊ', 'l']"
685,9,38,31,9,17,"['ð', 'ə', 's', 't', 'e', 'd', 'i', 'r', 'ɪ', 'p', 'z', 'w', 'ɛ', 'æ', 'n', 'tʃ', 'ŋ']"
686,7,30,26,7,13,"['ə', 'f', 'l', 'æ', 't', 'p', 'k', 'e', 'ɪ', 's', 'ʌ', 'ɡ', 'dʒ']"
687,6,27,24,6,19,"['ɡ', 'r', 'i', 'n', 'a', 'ɪ', 's', 'f', 'ɔ', 't', 'ə', 'd', 'ð', 'p', 'ʌ', 'tʃ', 'b', 'ʊ', 'l']"
688,8,36,28,8,18,"['ə', 's', 't', 'ʌ', 'f', 'tʃ', 'e', 'r', 'l', 'ɪ', 'p', 'm', 'ð', 'u', 'v', 'ŋ', 'æ', 'n']"
689,9,39,30,9,19,"['ð', 'ə', 's', 't', 'ɪ', 'tʃ', 'w', 'l', 'ɛ', 'v', 'b', 'ʌ', 'n', 'i', 'd', 'z', 'ʃ', 'ɔ', 'r']"
690,8,28,24,8,15,"['ə', 'θ', 'ɪ', 'n', 'b', 'ʊ', 'k', 'f', 't', 's', 'ð', 'a', 'd', 'p', 'o']"
691,9,30,27,9,16,"['ð', 'ə', 'ɡ', 'l', 'ɔ', 's', 'o', 'n', 't', 'p', 'm', 'e', 'ɪ', 'd', 'f', 'r']"
692,8,35,28,7,19,"['ð', 'ə', 'h', 'e', 'ɪ', 'l', 'p', 'æ', 't', 'ɛ', 'd', 'o', 'n', 'b', 'r', 'a', 'ʊ', 'ɡ', 's']"
693,7,34,28,7,19,"['s', 'e', 'v', 'ə', 'n', 'i', 'l', 'z', 'w', 'ɛ', 't', 'æ', 'm', 'p', 'o', 'ɡ', 'r', 'ɪ', 'ʃ']"
694,8,33,29,8,17,"['a', 'ʊ', 'ə', 't', 'r', 'u', 'p', 's', 'e', 'ɪ', 'k', 'h', 'v', 'i', 'b', 'l', 'z']"
695,9,40,31,8,20,"['ð', 'ə', 's', 't', 'ɔ', 'r', 'w', 'z', 'dʒ', 'æ', 'm', 'd', 'b', 'ɪ', 'f', 'e', 'l', 'k', 'ʊ', 'a']"
696,12,36,28,11,19,"['ɪ', 't', 'w', 'ə', 'z', 'b', 'æ', 'd', 'e', 'r', 'o', 'n', 'ð', 'p', 'a', 'v', 'u', 'dʒ', 'ʌ']"
697,8,34,28,8,18,"['w', 'ʌ', 'n', 's', 't', 'e', 'p', 'm', 'ɔ', 'r', 'ə', 'd', 'ð', 'b', 'ɪ', 'l', 'k', 'æ']"
698,9,38,31,9,19,"['t', 'e', 'ɪ', 'k', 'ð', 'ə', 'm', 'æ', 'tʃ', 'n', 'd', 's', 'r', 'a', 'ɡ', 'j', 'ɔ', 'ʃ', 'u']"
699,9,38,33,8,17,"['ð', 'ə', 'p', 'o', 't', 'b', 'j', 'l', 'd', 'ʌ', 'k', 'n', 'e', 's', 'f', 'ɪ', 'dʒ']"
700,9,33,30,8,18,"['ð', 'ə', 'b', 'e', 'ɪ', 'i', 'p', 'ʊ', 't', 's', 'h', 'z', 'r', 'a', 'f', 'n', 'm', 'θ']"
701,9,32,30,8,18,"['ð', 'ə', 'b', 'o', 'm', 'z', 'l', 'e', 'f', 't', 'ʊ', 's', 'v', 'a', 'n', 'ɪ', 'r', 'u']"
702,8,31,26,8,19,"['s', 't', 'o', 'p', 'ə', 'n', 'd', 'e', 'r', 'æ', 'ð', 'h', 'a', 'w', 'ɛ', 'k', 'ɪ', 'ŋ', 'm']"
703,9,38,29,9,18,"['ð', 'ə', 's', 't', 'r', 'i', 'a', 'n', 'e', 'ʊ', 'd', 'f', 'l', 'v', 'ʃ', 'p', 'ɛ', 'z']"
704,11,39,31,10,21,"['ð', 'ə', 'p', 'ʌ', 'dʒ', 'ɛ', 'k', 't', 'l', 'i', 'ʃ', 'æ', 'z', 'h', 's', 'ɔ', 'f', 'a', 'ɪ', 'n', 'e']"
705,7,26,23,7,17,"['ə', 'ʊ', 'p', 'n', 'j', 'ɔ', 'r', 'b', 'k', 't', 'ð', 'f', 'ɛ', 's', 'e', 'ɪ', 'dʒ']"
706,7,25,22,7,14,"['f', 'ɪ', 'ʃ', 'v', 'e', 'd', 'ð', 'ə', 'n', 't', 's', 'w', 'm', 'ɔ']"
707,8,28,26,8,12,"['d', 'ɪ', 'p', 'ð', 'ə', 'e', 'l', 'w', 'ʌ', 'n', 's', 't']"
708,6,28,20,6,16,"['w', 'ɪ', 'l', 'j', 'u', 'p', 'i', 'z', 'æ', 'n', 's', 'ə', 'ð', 't', 'f', 'ʊ']"
709,8,29,25,7,16,"['ð', 'ə', 'b', 'ɪ', 'ɡ', 'r', 'e', 'd', 'æ', 'p', 'l', 'f', 't', 'a', 'ʊ', 'n']"
710,8,29,24,7,13,"['ð', 'ə', 'k', 'ɛ', 't', 'n', 'r', 'ʊ', 'z', 'd', 'ʃ', 'w', 'o']"
711,8,35,27,7,17,"['ð', 'ə', 'j', 'ʌ', 'ŋ', 'p', 'r', 'ɪ', 'n', 's', 'b', 'k', 'e', 'm', 't', 'θ', 'ʊ']"
712,8,26,23,8,15,"['h', 'i', 's', 'e', 'n', 't', 'ð', 'ə', 'b', 'o', 'j', 'ʃ', 'ɔ', 'r', 'd']"
713,8,30,24,8,16,"['l', 'i', 'v', 'n', 'a', 'ʊ', 'ə', 'd', 'j', 'u', 'w', 'ɪ', 'ɛ', 'o', 't', 'm']"
714,7,32,26,7,17,"['ð', 'ə', 'k', 'ɔ', 'r', 'n', 's', 't', 'w', 'z', 'o', 'b', 'd', 'l', 'æ', 'a', 'ɪ']"
715,8,30,27,8,18,"['ə', 'ɡ', 'ʊ', 'l', 'd', 'r', 'ɪ', 'ŋ', 'w', 'p', 'i', 'z', 'm', 's', 't', 'e', 'n', 'ɛ']"
716,7,27,20,7,17,"['ð', 'ə', 'l', 'ɔ', 'ŋ', 'dʒ', 'ɛ', 'n', 'i', 'h', 'ʊ', 'm', 't', 'k', 'j', 'ɪ', 'r']"
717,8,30,22,8,17,"['ʃ', 'i', 's', 'ɔ', 'ə', 'k', 'æ', 't', 'ɪ', 'n', 'ð', 'e', 'b', 'z', 'h', 'a', 'ʊ']"
718,9,33,28,9,21,"['ə', 'p', 'ɪ', 'ŋ', 'k', 'ʃ', 'e', 'l', 'w', 'z', 'f', 'a', 'ʊ', 'n', 'd', 'o', 'ð', 's', 'i', 'b', 'tʃ']"
719,6,25,22,6,15,"['s', 'm', 'ɔ', 'l', 'tʃ', 'ɪ', 'd', 'r', 'ə', 'n', 'k', 'e', 't', 'i', 'h']"
720,8,31,24,8,18,"['ð', 'ə', 'ɡ', 'r', 'æ', 's', 'n', 'd', 'b', 'ʊ', 'ʃ', 'z', 'w', 'ɛ', 'e', 't', 'ɪ', 'u']"
721,7,29,30,7,17,"['ð', 'ə', 'b', 'l', 'a', 'ɪ', 'n', 'd', 'm', 'æ', 'k', 'ʊ', 't', 'h', 'z', 'o', 'j']"
722,7,27,23,7,14,"['ə', 's', 'v', 'ɪ', 'r', 't', 'ɔ', 'm', 'd', 'a', 'ʊ', 'n', 'ð', 'b']"
723,6,25,22,6,14,"['ʃ', 'i', 'k', 'ɔ', 'l', 'd', 'h', 'ɪ', 'z', 'n', 'e', 'm', 't', 'a']"
724,7,29,22,7,16,"['w', 'e', 'n', 'j', 'u', 'h', 'ɪ', 'r', 'ð', 'ə', 'b', 'l', 'k', 'ʌ', 'm', 'i']"
