,syllable,frequency,n_phonemes,pattern,complex_const,diphthong,reduced_patterns,vowel,cons_pre_nucleus,cons_post_nucleus
0,ər,35,2,VC,False,False,VC,ə,,r
1,i,21,1,V,False,False,V,i,,
2,ə,21,1,V,False,False,V,ə,,
3,li,19,2,CV,False,False,CV,i,l,
4,ɪz,14,2,VC,False,False,VC,ɪ,,z
5,ɪŋ,14,2,VC,False,False,VC,ɪ,,ŋ
6,ti,12,2,CV,False,False,CV,i,t,
7,ən,12,2,VC,False,False,VC,ə,,n
8,əl,12,2,VC,False,False,VC,ə,,l
9,oʊ,9,2,VV,False,True,V,oʊ,,
10,rɪ,9,2,CV,False,False,CV,ɪ,r,
11,dɪ,9,2,CV,False,False,CV,ɪ,d,
12,tər,8,3,CVC,False,False,CVC,ə,t,r
13,ni,8,2,CV,False,False,CV,i,n,
14,ɪt,8,2,VC,False,False,VC,ɪ,,t
15,dər,7,3,CVC,False,False,CVC,ə,d,r
16,ərz,7,3,VCC,False,False,VC,ə,,rz
17,n,6,1,C,False,False,C,,,
18,bɪ,6,2,CV,False,False,CV,ɪ,b,
19,ərd,6,3,VCC,False,False,VC,ə,,rd
20,l,6,1,C,False,False,C,,,
21,ɪts,5,3,VCC,False,False,VC,ɪ,,ts
22,ɔl,5,2,VC,False,False,VC,ɔ,,l
23,ɪn,5,2,VC,False,False,VC,ɪ,,n
24,ɔr,5,2,VC,False,False,VC,ɔ,,r
25,hɑrd,5,4,CVCC,False,False,CVC,ɑ,h,rd
26,tu,5,2,CV,False,False,CV,u,t,
27,ki,5,2,CV,False,False,CV,i,k,
28,pleɪ,5,4,CCVV,False,True,CV,eɪ,pl,
29,deɪ,5,3,CVV,False,True,CV,eɪ,d,
30,si,5,2,CV,False,False,CV,i,s,
31,ɒn,5,2,VC,False,False,VC,ɒ,,n
32,di,5,2,CV,False,False,CV,i,d,
33,pɛn,5,3,CVC,False,False,CVC,ɛ,p,n
34,pəl,5,3,CVC,False,False,CVC,ə,p,l
35,ɪd,5,2,VC,False,False,VC,ɪ,,d
36,bəl,5,3,CVC,False,False,CVC,ə,b,l
37,ɪdʒ,4,3,VCC,False,False,VC,ɪ,,dʒ
38,ɪ,4,1,V,False,False,V,ɪ,,
39,paɪ,4,3,CVV,False,True,CV,aɪ,p,
40,lɪs,4,3,CVC,False,False,CVC,ɪ,l,s
41,aʊt,4,3,VVC,False,True,VC,aʊ,,t
42,baɪ,4,3,CVV,False,True,CV,aɪ,b,
43,ɪʃ,4,2,VC,False,False,VC,ɪ,,ʃ
44,soʊ,4,3,CVV,False,True,CV,oʊ,s,
45,fəl,4,3,CVC,False,False,CVC,ə,f,l
46,pɜr,4,3,CVC,False,False,CVC,ɜ,p,r
47,kɪŋ,4,3,CVC,False,False,CVC,ɪ,k,ŋ
48,weɪ,4,3,CVV,False,True,CV,eɪ,w,
49,taɪ,4,3,CVV,False,True,CV,aɪ,t,
50,hɪər,4,4,CVVC,False,True,CVC,ɪə,h,r
51,fɔr,4,3,CVC,False,False,CVC,ɔ,f,r
52,wʊd,4,3,CVC,False,False,CVC,ʊ,w,d
53,wɛər,4,4,CVVC,False,True,CVC,ɛə,w,r
54,fɑr,4,3,CVC,False,False,CVC,ɑ,f,r
55,ənd,3,3,VCC,False,False,VC,ə,,nd
56,neɪ,3,3,CVV,False,True,CV,eɪ,n,
57,fʊt,3,3,CVC,False,False,CVC,ʊ,f,t
58,wɒtʃ,3,4,CVCC,False,False,CVC,ɒ,w,tʃ
59,slaɪd,3,5,CCVVC,False,True,CVC,aɪ,sl,d
60,kɪt,3,3,CVC,False,False,CVC,ɪ,k,t
61,peɪ,3,3,CVV,False,True,CV,eɪ,p,
62,sʌn,3,3,CVC,False,False,CVC,ʌ,s,n
63,sʌm,3,3,CVC,False,False,CVC,ʌ,s,m
64,laɪn,3,4,CVVC,False,True,CVC,aɪ,l,n
65,leɪ,3,3,CVV,False,True,CV,eɪ,l,
66,peɪn,3,4,CVVC,False,True,CVC,eɪ,p,n
67,pɑrt,3,4,CVCC,False,False,CVC,ɑ,p,rt
68,læn,3,3,CVC,False,False,CVC,æ,l,n
69,wɔ,3,2,CV,False,False,CV,ɔ,w,
70,fi,3,2,CV,False,False,CV,i,f,
71,fɪn,3,3,CVC,False,False,CVC,ɪ,f,n
72,ənt,3,3,VCC,False,False,VC,ə,,nt
73,lʊk,3,3,CVC,False,False,CVC,ʊ,l,k
74,haɪ,3,3,CVV,False,True,CV,aɪ,h,
75,kʌm,3,3,CVC,False,False,CVC,ʌ,k,m
76,aɪ,3,2,VV,False,True,V,aɪ,,
77,wik,3,3,CVC,False,False,CVC,i,w,k
78,saɪd,3,4,CVVC,False,True,CVC,aɪ,s,d
79,hɜr,3,3,CVC,False,False,CVC,ɜ,h,r
80,kɑr,3,3,CVC,False,False,CVC,ɑ,k,r
81,tɪŋ,3,3,CVC,False,False,CVC,ɪ,t,ŋ
82,rɒb,3,3,CVC,False,False,CVC,ɒ,r,b
83,əm,3,2,VC,False,False,VC,ə,,m
84,stɔr,3,4,CCVC,False,False,CVC,ɔ,st,r
85,səl,3,3,CVC,False,False,CVC,ə,s,l
86,sɜr,3,3,CVC,False,False,CVC,ɜ,s,r
87,lɪŋ,3,3,CVC,False,False,CVC,ɪ,l,ŋ
88,mæt,3,3,CVC,False,False,CVC,æ,m,t
89,vər,3,3,CVC,False,False,CVC,ə,v,r
90,ʃɪp,3,3,CVC,False,False,CVC,ɪ,ʃ,p
91,lɪt,3,3,CVC,False,False,CVC,ɪ,l,t
92,meɪ,3,3,CVV,False,True,CV,eɪ,m,
93,teɪ,3,3,CVV,False,True,CV,eɪ,t,
94,kɪts,3,4,CVCC,False,False,CVC,ɪ,k,ts
95,roʊz,3,4,CVVC,False,True,CVC,oʊ,r,z
96,pɪk,3,3,CVC,False,False,CVC,ɪ,p,k
97,steɪt,3,5,CCVVC,False,True,CVC,eɪ,st,t
98,zi,3,2,CV,False,False,CV,i,z,
99,ʌn,3,2,VC,False,False,VC,ʌ,,n
100,æd,3,2,VC,False,False,VC,æ,,d
101,dʒʌmp,2,5,CCVCC,False,False,CVC,ʌ,dʒ,mp
102,dɔr,2,3,CVC,False,False,CVC,ɔ,d,r
103,rəts,2,4,CVCC,False,False,CVC,ə,r,ts
104,sɪk,2,3,CVC,False,False,CVC,ɪ,s,k
105,gɛt,2,3,CVC,False,False,CVC,ɛ,g,t
106,mər,2,3,CVC,False,False,CVC,ə,m,r
107,fɪs,2,3,CVC,False,False,CVC,ɪ,f,s
108,sɜrv,2,4,CVCC,False,False,CVC,ɜ,s,rv
109,bæk,2,3,CVC,False,False,CVC,æ,b,k
110,sɛl,2,3,CVC,False,False,CVC,ɛ,s,l
111,pɒk,2,3,CVC,False,False,CVC,ɒ,p,k
112,pɔr,2,3,CVC,False,False,CVC,ɔ,p,r
113,ɪnz,2,3,VCC,False,False,VC,ɪ,,nz
114,it,2,2,VC,False,False,VC,i,,t
115,taɪmz,2,5,CVVCC,False,True,CVC,aɪ,t,mz
116,zɛst,2,4,CVCC,False,False,CVC,ɛ,z,st
117,meɪk,2,4,CVVC,False,True,CVC,eɪ,m,k
118,mɛt,2,3,CVC,False,False,CVC,ɛ,m,t
119,sti,2,3,CCV,False,False,CV,i,st,
120,dl,2,2,CC,False,False,C,,,
121,wæks,2,4,CVCC,False,False,CVC,æ,w,ks
122,kru,2,3,CCV,False,False,CV,u,kr,
123,pæl,2,3,CVC,False,False,CVC,æ,p,l
124,ɛr,2,2,VC,False,False,VC,ɛ,,r
125,moʊst,2,5,CVVCC,False,True,CVC,oʊ,m,st
126,fleɪ,2,4,CCVV,False,True,CV,eɪ,fl,
127,sɛn,2,3,CVC,False,False,CVC,ɛ,s,n
128,laʊd,2,4,CVVC,False,True,CVC,aʊ,l,d
129,ðɛər,2,4,CVVC,False,True,CVC,ɛə,ð,r
130,bɔl,2,3,CVC,False,False,CVC,ɔ,b,l
131,wɜrld,2,5,CVCCC,True,False,CVC,ɜ,w,rld
132,stɑrt,2,5,CCVCC,False,False,CVC,ɑ,st,rt
133,dʒɜrk,2,5,CCVCC,False,False,CVC,ɜ,dʒ,rk
134,bʊʃ,2,3,CVC,False,False,CVC,ʊ,b,ʃ
135,lis,2,3,CVC,False,False,CVC,i,l,s
136,kɜr,2,3,CVC,False,False,CVC,ɜ,k,r
137,kæp,2,3,CVC,False,False,CVC,æ,k,p
138,wʌn,2,3,CVC,False,False,CVC,ʌ,w,n
139,θru,2,3,CCV,False,False,CV,u,θr,
140,ɛn,2,2,VC,False,False,VC,ɛ,,n
141,ʃu,2,2,CV,False,False,CV,u,ʃ,
142,seɪv,2,4,CVVC,False,True,CVC,eɪ,s,v
143,pi,2,2,CV,False,False,CV,i,p,
144,kɔr,2,3,CVC,False,False,CVC,ɔ,k,r
145,koʊld,2,5,CVVCC,False,True,CVC,oʊ,k,ld
146,sɪks,2,4,CVCC,False,False,CVC,ɪ,s,ks
147,iz,2,2,VC,False,False,VC,i,,z
148,nu,2,2,CV,False,False,CV,u,n,
149,wɔl,2,3,CVC,False,False,CVC,ɔ,w,l
150,bʌk,2,3,CVC,False,False,CVC,ʌ,b,k
151,lɪv,2,3,CVC,False,False,CVC,ɪ,l,v
152,braɪt,2,5,CCVVC,False,True,CVC,aɪ,br,t
153,wɔk,2,3,CVC,False,False,CVC,ɔ,w,k
154,ɛər,2,3,VVC,False,True,VC,ɛə,,r
155,nər,2,3,CVC,False,False,CVC,ə,n,r
156,ɛdʒ,2,3,VCC,False,False,VC,ɛ,,dʒ
157,stɪk,2,4,CCVC,False,False,CVC,ɪ,st,k
158,mɛn,2,3,CVC,False,False,CVC,ɛ,m,n
159,sɛv,2,3,CVC,False,False,CVC,ɛ,s,v
160,nɛk,2,3,CVC,False,False,CVC,ɛ,n,k
161,kɪd,2,3,CVC,False,False,CVC,ɪ,k,d
162,pæs,2,3,CVC,False,False,CVC,æ,p,s
163,mɔr,2,3,CVC,False,False,CVC,ɔ,m,r
164,waɪz,2,4,CVVC,False,True,CVC,aɪ,w,z
165,frɔ,2,3,CCV,False,False,CV,ɔ,fr,
166,kaʊnt,2,5,CVVCC,False,True,CVC,aʊ,k,nt
167,floʊt,2,5,CCVVC,False,True,CVC,oʊ,fl,t
168,ʌð,2,2,VC,False,False,VC,ʌ,,ð
169,ɛnd,2,3,VCC,False,False,VC,ɛ,,nd
170,kwɪk,2,4,CCVC,False,False,CVC,ɪ,kw,k
171,tɪn,2,3,CVC,False,False,CVC,ɪ,t,n
172,ðər,2,3,CVC,False,False,CVC,ə,ð,r
173,sɒk,2,3,CVC,False,False,CVC,ɒ,s,k
174,taɪt,2,4,CVVC,False,True,CVC,aɪ,t,t
175,wɪð,2,3,CVC,False,False,CVC,ɪ,w,ð
176,dɪʃ,2,3,CVC,False,False,CVC,ɪ,d,ʃ
177,ʃɛl,2,3,CVC,False,False,CVC,ɛ,ʃ,l
178,pɛd,2,3,CVC,False,False,CVC,ɛ,p,d
179,mʌn,2,3,CVC,False,False,CVC,ʌ,m,n
180,skɛərs,2,6,CCVVCC,False,True,CVC,ɛə,sk,rs
181,greɪs,2,5,CCVVC,False,True,CVC,eɪ,gr,s
182,kʌl,2,3,CVC,False,False,CVC,ʌ,k,l
183,pæk,2,3,CVC,False,False,CVC,æ,p,k
184,prɒd,2,4,CCVC,False,False,CVC,ɒ,pr,d
185,peɪdʒ,2,5,CVVCC,False,True,CVC,eɪ,p,dʒ
186,lər,2,3,CVC,False,False,CVC,ə,l,r
187,zɜrv,2,4,CVCC,False,False,CVC,ɜ,z,rv
188,waɪn,2,4,CVVC,False,True,CVC,aɪ,w,n
189,fɪt,2,3,CVC,False,False,CVC,ɪ,f,t
190,weɪz,2,4,CVVC,False,True,CVC,eɪ,w,z
191,ritʃ,2,4,CVCC,False,False,CVC,i,r,tʃ
192,ʃæl,2,3,CVC,False,False,CVC,æ,ʃ,l
193,vərz,2,4,CVCC,False,False,CVC,ə,v,rz
194,kæn,2,3,CVC,False,False,CVC,æ,k,n
195,vən,2,3,CVC,False,False,CVC,ə,v,n
196,hæm,2,3,CVC,False,False,CVC,æ,h,m
197,twɪst,2,5,CCVCC,False,False,CVC,ɪ,tw,st
198,frɛnd,2,5,CCVCC,False,False,CVC,ɛ,fr,nd
199,graʊnd,2,6,CCVVCC,False,True,CVC,aʊ,gr,nd
200,dʒər,2,4,CCVC,False,False,CVC,ə,dʒ,r
201,wɜr,2,3,CVC,False,False,CVC,ɜ,w,r
202,treɪ,2,4,CCVV,False,True,CV,eɪ,tr,
203,kʌv,2,3,CVC,False,False,CVC,ʌ,k,v
204,əd,2,2,VC,False,False,VC,ə,,d
205,krik,2,4,CCVC,False,False,CVC,i,kr,k
206,kɒn,2,3,CVC,False,False,CVC,ɒ,k,n
207,mʌf,2,3,CVC,False,False,CVC,ʌ,m,f
208,wɪn,2,3,CVC,False,False,CVC,ɪ,w,n
209,tɑr,2,3,CVC,False,False,CVC,ɑ,t,r
210,wɔr,2,3,CVC,False,False,CVC,ɔ,w,r
211,nit,2,3,CVC,False,False,CVC,i,n,t
212,noʊ,2,3,CVV,False,True,CV,oʊ,n,
213,tn,2,2,CC,False,False,C,,,
214,dərz,2,4,CVCC,False,False,CVC,ə,d,rz
215,seɪl,2,4,CVVC,False,True,CVC,eɪ,s,l
216,raɪt,2,4,CVVC,False,True,CVC,aɪ,r,t
217,blu,2,3,CCV,False,False,CV,u,bl,
218,lɛs,2,3,CVC,False,False,CVC,ɛ,l,s
219,beɪ,2,3,CVV,False,True,CV,eɪ,b,
220,bænd,2,4,CVCC,False,False,CVC,æ,b,nd
221,kɒl,2,3,CVC,False,False,CVC,ɒ,k,l
222,tɜrn,2,4,CVCC,False,False,CVC,ɜ,t,rn
223,kræk,2,4,CCVC,False,False,CVC,æ,kr,k
224,dip,2,3,CVC,False,False,CVC,i,d,p
225,nɔrθ,2,4,CVCC,False,False,CVC,ɔ,n,rθ
226,gæð,2,3,CVC,False,False,CVC,æ,g,ð
227,deɪz,2,4,CVVC,False,True,CVC,eɪ,d,z
228,hɛlp,2,4,CVCC,False,False,CVC,ɛ,h,lp
229,ɪst,2,3,VCC,False,False,VC,ɪ,,st
230,pɪt,2,3,CVC,False,False,CVC,ɪ,p,t
231,keɪm,2,4,CVVC,False,True,CVC,eɪ,k,m
232,kɔst,2,4,CVCC,False,False,CVC,ɔ,k,st
233,bæd,2,3,CVC,False,False,CVC,æ,b,d
234,teɪk,2,4,CVVC,False,True,CVC,eɪ,t,k
235,gɑr,2,3,CVC,False,False,CVC,ɑ,g,r
236,nɪs,2,3,CVC,False,False,CVC,ɪ,n,s
237,drɒp,2,4,CCVC,False,False,CVC,ɒ,dr,p
238,bit,2,3,CVC,False,False,CVC,i,b,t
239,sɛnt,2,4,CVCC,False,False,CVC,ɛ,s,nt
240,raɪ,2,3,CVV,False,True,CV,aɪ,r,
241,tɛn,2,3,CVC,False,False,CVC,ɛ,t,n
242,maɪ,2,3,CVV,False,True,CV,aɪ,m,
243,fɪl,2,3,CVC,False,False,CVC,ɪ,f,l
244,yɛl,2,3,VVC,False,True,VC,yɛ,,l
245,dʒæm,2,4,CCVC,False,False,CVC,æ,dʒ,m
246,snæp,2,4,CCVC,False,False,CVC,æ,sn,p
247,brɪŋ,2,4,CCVC,False,False,CVC,ɪ,br,ŋ
248,fɜrm,2,4,CVCC,False,False,CVC,ɜ,f,rm
249,kə,2,2,CV,False,False,CV,ə,k,
250,lɪm,2,3,CVC,False,False,CVC,ɪ,l,m
251,əlz,2,3,VCC,False,False,VC,ə,,lz
252,θroʊn,2,5,CCVVC,False,True,CVC,oʊ,θr,n
253,pis,2,3,CVC,False,False,CVC,i,p,s
254,bɒt,2,3,CVC,False,False,CVC,ɒ,b,t
255,fɛns,2,4,CVCC,False,False,CVC,ɛ,f,ns
256,slaɪs,2,5,CCVVC,False,True,CVC,aɪ,sl,s
257,æk,2,2,VC,False,False,VC,æ,,k
258,kɒp,2,3,CVC,False,False,CVC,ɒ,k,p
259,tərz,2,4,CVCC,False,False,CVC,ə,t,rz
260,praɪs,2,5,CCVVC,False,True,CVC,aɪ,pr,s
261,tæk,2,3,CVC,False,False,CVC,æ,t,k
262,nɪŋ,2,3,CVC,False,False,CVC,ɪ,n,ŋ
263,fɪg,2,3,CVC,False,False,CVC,ɪ,f,g
264,sɔft,2,4,CVCC,False,False,CVC,ɔ,s,ft
265,raʊnd,2,5,CVVCC,False,True,CVC,aʊ,r,nd
266,sɪ,2,2,CV,False,False,CV,ɪ,s,
267,tʃɛr,2,4,CCVC,False,False,CVC,ɛ,tʃ,r
268,æt,2,2,VC,False,False,VC,æ,,t
269,fər,2,3,CVC,False,False,CVC,ə,f,r
270,ənz,2,3,VCC,False,False,VC,ə,,nz
271,sɔ,2,2,CV,False,False,CV,ɔ,s,
272,sə,2,2,CV,False,False,CV,ə,s,
273,bʌt,2,3,CVC,False,False,CVC,ʌ,b,t
274,bi,2,2,CV,False,False,CV,i,b,
275,dæns,2,4,CVCC,False,False,CVC,æ,d,ns
276,lɔŋ,2,3,CVC,False,False,CVC,ɔ,l,ŋ
277,hoʊl,2,4,CVVC,False,True,CVC,oʊ,h,l
278,fraɪt,2,5,CCVVC,False,True,CVC,aɪ,fr,t
279,sloʊ,2,4,CCVV,False,True,CV,oʊ,sl,
280,mɑr,2,3,CVC,False,False,CVC,ɑ,m,r
281,waɪld,2,5,CVVCC,False,True,CVC,aɪ,w,ld
282,meɪd,2,4,CVVC,False,True,CVC,eɪ,m,d
283,reɪ,2,3,CVV,False,True,CV,eɪ,r,
284,æn,2,2,VC,False,False,VC,æ,,n
285,mənt,2,4,CVCC,False,False,CVC,ə,m,nt
286,sɛt,2,3,CVC,False,False,CVC,ɛ,s,t
287,ʃɔr,2,3,CVC,False,False,CVC,ɔ,ʃ,r
288,du,2,2,CV,False,False,CV,u,d,
289,fri,2,3,CCV,False,False,CV,i,fr,
290,dɪd,2,3,CVC,False,False,CVC,ɪ,d,d
291,zən,2,3,CVC,False,False,CVC,ə,z,n
292,sɪŋk,2,4,CVCC,False,False,CVC,ɪ,s,ŋk
293,mæn,2,3,CVC,False,False,CVC,æ,m,n
294,tʌm,2,3,CVC,False,False,CVC,ʌ,t,m
295,æp,2,2,VC,False,False,VC,æ,,p
296,rɛər,2,4,CVVC,False,True,CVC,ɛə,r,r
297,pleɪs,2,5,CCVVC,False,True,CVC,eɪ,pl,s
298,fɛər,2,4,CVVC,False,True,CVC,ɛə,f,r
299,wɜrk,2,4,CVCC,False,False,CVC,ɜ,w,rk
300,stɔrz,2,5,CCVCC,False,False,CVC,ɔ,st,rz
301,ɔ,2,1,V,False,False,V,ɔ,,
302,weɪt,2,4,CVVC,False,True,CVC,eɪ,w,t
303,spɪl,2,4,CCVC,False,False,CVC,ɪ,sp,l
304,mɛnt,2,4,CVCC,False,False,CVC,ɛ,m,nt
305,ʃaʊ,2,3,CVV,False,True,CV,aʊ,ʃ,
306,dɪŋ,2,3,CVC,False,False,CVC,ɪ,d,ŋ
307,təlz,2,4,CVCC,False,False,CVC,ə,t,lz
308,bɛər,2,4,CVVC,False,True,CVC,ɛə,b,r
309,θɪŋ,1,3,CVC,False,False,CVC,ɪ,θ,ŋ
310,ʃʊg,1,3,CVC,False,False,CVC,ʊ,ʃ,g
311,paɪps,1,5,CVVCC,False,True,CVC,aɪ,p,ps
312,kraʊd,1,5,CCVVC,False,True,CVC,aʊ,kr,d
313,hɔɪst,1,5,CVVCC,False,True,CVC,ɔɪ,h,st
314,vɛst,1,4,CVCC,False,False,CVC,ɛ,v,st
315,fərt,1,4,CVCC,False,False,CVC,ə,f,rt
316,fɪf,1,3,CVC,False,False,CVC,ɪ,f,f
317,zaɪnd,1,5,CVVCC,False,True,CVC,aɪ,z,nd
318,reɪk,1,4,CVVC,False,True,CVC,eɪ,r,k
319,sɪlz,1,4,CVCC,False,False,CVC,ɪ,s,lz
320,sər,1,3,CVC,False,False,CVC,ə,s,r
321,roʊd,1,4,CVVC,False,True,CVC,oʊ,r,d
322,kɑrz,1,4,CVCC,False,False,CVC,ɑ,k,rz
323,kʊkt,1,4,CVCC,False,False,CVC,ʊ,k,kt
324,trəl,1,4,CCVC,False,False,CVC,ə,tr,l
325,tʃeɪs,1,5,CCVVC,False,True,CVC,eɪ,tʃ,s
326,lɛð,1,3,CVC,False,False,CVC,ɛ,l,ð
327,wɪtʃ,1,4,CVCC,False,False,CVC,ɪ,w,tʃ
328,taɪm,1,4,CVVC,False,True,CVC,aɪ,t,m
329,krɔl,1,4,CCVC,False,False,CVC,ɔ,kr,l
330,drɑft,1,5,CCVCC,False,False,CVC,ɑ,dr,ft
331,rɪŋk,1,4,CVCC,False,False,CVC,ɪ,r,ŋk
332,læks,1,4,CVCC,False,False,CVC,æ,l,ks
333,kloʊðz,1,6,CCVVCC,False,True,CVC,oʊ,kl,ðz
334,stɪər,1,5,CCVVC,False,True,CVC,ɪə,st,r
335,drən,1,4,CCVC,False,False,CVC,ə,dr,n
336,wɒn,1,3,CVC,False,False,CVC,ɒ,w,n
337,spɒt,1,4,CCVC,False,False,CVC,ɒ,sp,t
338,mɪst,1,4,CVCC,False,False,CVC,ɪ,m,st
339,laɪf,1,4,CVVC,False,True,CVC,aɪ,l,f
340,kaʊn,1,4,CVVC,False,True,CVC,aʊ,k,n
341,drɛs,1,4,CCVC,False,False,CVC,ɛ,dr,s
342,krʌntʃ,1,6,CCVCCC,True,False,CVC,ʌ,kr,ntʃ
343,dɛθ,1,3,CVC,False,False,CVC,ɛ,d,θ
344,tæn,1,3,CVC,False,False,CVC,æ,t,n
345,kraɪd,1,5,CCVVC,False,True,CVC,aɪ,kr,d
346,bɜrnz,1,5,CVCCC,True,False,CVC,ɜ,b,rnz
347,fɪʃ,1,3,CVC,False,False,CVC,ɪ,f,ʃ
348,smɔl,1,4,CCVC,False,False,CVC,ɔ,sm,l
349,mɜrdʒ,1,5,CVCCC,True,False,CVC,ɜ,m,rdʒ
350,pip,1,3,CVC,False,False,CVC,i,p,p
351,slæʃ,1,4,CCVC,False,False,CVC,æ,sl,ʃ
352,yuz,1,3,VVC,False,True,VC,yu,,z
353,ləndz,1,5,CVCCC,True,False,CVC,ə,l,ndz
354,ɛmp,1,3,VCC,False,False,VC,ɛ,,mp
355,stʊd,1,4,CCVC,False,False,CVC,ʊ,st,d
356,buθ,1,3,CVC,False,False,CVC,u,b,θ
357,bɪn,1,3,CVC,False,False,CVC,ɪ,b,n
358,pɜrtʃ,1,5,CVCCC,True,False,CVC,ɜ,p,rtʃ
359,soʊld,1,5,CVVCC,False,True,CVC,oʊ,s,ld
360,lɒdʒ,1,4,CVCC,False,False,CVC,ɒ,l,dʒ
361,nʌdʒ,1,4,CVCC,False,False,CVC,ʌ,n,dʒ
362,sim,1,3,CVC,False,False,CVC,i,s,m
363,dɪs,1,3,CVC,False,False,CVC,ɪ,d,s
364,kul,1,3,CVC,False,False,CVC,u,k,l
365,hænd,1,4,CVCC,False,False,CVC,æ,h,nd
366,sæm,1,3,CVC,False,False,CVC,æ,s,m
367,ʃild,1,4,CVCC,False,False,CVC,i,ʃ,ld
368,tl,1,2,CC,False,False,C,,,
369,skaɪ,1,4,CCVV,False,True,CV,aɪ,sk,
370,myulz,1,5,CVVCC,False,True,CVC,yu,m,lz
371,lid,1,3,CVC,False,False,CVC,i,l,d
372,tɔrn,1,4,CVCC,False,False,CVC,ɔ,t,rn
373,græs,1,4,CCVC,False,False,CVC,æ,gr,s
374,klæs,1,4,CCVC,False,False,CVC,æ,kl,s
375,ridz,1,4,CVCC,False,False,CVC,i,r,dz
376,dɪpt,1,4,CVCC,False,False,CVC,ɪ,d,pt
377,gæn,1,3,CVC,False,False,CVC,æ,g,n
378,tʃaɪld,1,6,CCVVCC,False,True,CVC,aɪ,tʃ,ld
379,pɛ,1,2,CV,False,False,CV,ɛ,p,
380,fɪfθ,1,4,CVCC,False,False,CVC,ɪ,f,fθ
381,ri,1,2,CV,False,False,CV,i,r,
382,lɑf,1,3,CVC,False,False,CVC,ɑ,l,f
383,tns,1,3,CCC,True,False,C,,,
384,tɔrtʃ,1,5,CVCCC,True,False,CVC,ɔ,t,rtʃ
385,weɪd,1,4,CVVC,False,True,CVC,eɪ,w,d
386,tɪvz,1,4,CVCC,False,False,CVC,ɪ,t,vz
387,draɪv,1,5,CCVVC,False,True,CVC,aɪ,dr,v
388,æs,1,2,VC,False,False,VC,æ,,s
389,ʃɪpt,1,4,CVCC,False,False,CVC,ɪ,ʃ,pt
390,dɔgz,1,4,CVCC,False,False,CVC,ɔ,d,gz
391,pə,1,2,CV,False,False,CV,ə,p,
392,ræm,1,3,CVC,False,False,CVC,æ,r,m
393,plʌndʒ,1,6,CCVCCC,True,False,CVC,ʌ,pl,ndʒ
394,roʊl,1,4,CVVC,False,True,CVC,oʊ,r,l
395,teɪst,1,5,CVVCC,False,True,CVC,eɪ,t,st
396,sæt,1,3,CVC,False,False,CVC,æ,s,t
397,prɪ,1,3,CCV,False,False,CV,ɪ,pr,
398,sid,1,3,CVC,False,False,CVC,i,s,d
399,pʌb,1,3,CVC,False,False,CVC,ʌ,p,b
400,ðɛn,1,3,CVC,False,False,CVC,ɛ,ð,n
401,gɔnt,1,4,CVCC,False,False,CVC,ɔ,g,nt
402,grin,1,4,CCVC,False,False,CVC,i,gr,n
403,lɔn,1,3,CVC,False,False,CVC,ɔ,l,n
404,lɪft,1,4,CVCC,False,False,CVC,ɪ,l,ft
405,hɪd,1,3,CVC,False,False,CVC,ɪ,h,d
406,faɪl,1,4,CVVC,False,True,CVC,aɪ,f,l
407,mɔs,1,3,CVC,False,False,CVC,ɔ,m,s
408,stænd,1,5,CCVCC,False,False,CVC,æ,st,nd
409,gris,1,4,CCVC,False,False,CVC,i,gr,s
410,stɪd,1,4,CCVC,False,False,CVC,ɪ,st,d
411,hɪst,1,4,CVCC,False,False,CVC,ɪ,h,st
412,tæsk,1,4,CVCC,False,False,CVC,æ,t,sk
413,ʃɛlvz,1,5,CVCCC,True,False,CVC,ɛ,ʃ,lvz
414,rɪtʃ,1,4,CVCC,False,False,CVC,ɪ,r,tʃ
415,trɪŋ,1,4,CCVC,False,False,CVC,ɪ,tr,ŋ
416,broʊ,1,4,CCVV,False,True,CV,oʊ,br,
417,əs,1,2,VC,False,False,VC,ə,,s
418,hɒps,1,4,CVCC,False,False,CVC,ɒ,h,ps
419,boʊl,1,4,CVVC,False,True,CVC,oʊ,b,l
420,dɪn,1,3,CVC,False,False,CVC,ɪ,d,n
421,tɒp,1,3,CVC,False,False,CVC,ɒ,t,p
422,tri,1,3,CCV,False,False,CV,i,tr,
423,bɒnd,1,4,CVCC,False,False,CVC,ɒ,b,nd
424,fɔ,1,2,CV,False,False,CV,ɔ,f,
425,tɛl,1,3,CVC,False,False,CVC,ɛ,t,l
426,sut,1,3,CVC,False,False,CVC,u,s,t
427,tɔk,1,3,CVC,False,False,CVC,ɔ,t,k
428,sɛnd,1,4,CVCC,False,False,CVC,ɛ,s,nd
429,rum,1,3,CVC,False,False,CVC,u,r,m
430,weɪvd,1,5,CVVCC,False,True,CVC,eɪ,w,vd
431,dəlz,1,4,CVCC,False,False,CVC,ə,d,lz
432,drɪp,1,4,CCVC,False,False,CVC,ɪ,dr,p
433,wɜrd,1,4,CVCC,False,False,CVC,ɜ,w,rd
434,eɪd,1,3,VVC,False,True,VC,eɪ,,d
435,krɪt,1,4,CCVC,False,False,CVC,ɪ,kr,t
436,maɪlz,1,5,CVVCC,False,True,CVC,aɪ,m,lz
437,reɪdz,1,5,CVVCC,False,True,CVC,eɪ,r,dz
438,strits,1,6,CCCVCC,True,False,CVC,i,str,ts
439,flʌd,1,4,CCVC,False,False,CVC,ʌ,fl,d
440,ɜrnd,1,4,VCCC,True,False,VC,ɜ,,rnd
441,ʃi,1,2,CV,False,False,CV,i,ʃ,
442,stroʊk,1,6,CCCVVC,True,True,CVC,oʊ,str,k
443,ɜrθ,1,3,VCC,False,False,VC,ɜ,,rθ
444,hɛdʒ,1,4,CVCC,False,False,CVC,ɛ,h,dʒ
445,gɪfts,1,5,CVCCC,True,False,CVC,ɪ,g,fts
446,tuz,1,3,CVC,False,False,CVC,u,t,z
447,θɛft,1,4,CVCC,False,False,CVC,ɛ,θ,ft
448,fɪks,1,4,CVCC,False,False,CVC,ɪ,f,ks
449,dʌn,1,3,CVC,False,False,CVC,ʌ,d,n
450,maʊnts,1,6,CVVCCC,True,True,CVC,aʊ,m,nts
451,tʃaɪ,1,4,CCVV,False,True,CV,aɪ,tʃ,
452,yuθ,1,3,VVC,False,True,VC,yu,,θ
453,stɛər,1,5,CCVVC,False,True,CVC,ɛə,st,r
454,toʊld,1,5,CVVCC,False,True,CVC,oʊ,t,ld
455,gɛn,1,3,CVC,False,False,CVC,ɛ,g,n
456,flaʊn,1,5,CCVVC,False,True,CVC,aʊ,fl,n
457,bondz,1,5,CVCCC,True,False,CVC,o,b,ndz
458,dɪg,1,3,CVC,False,False,CVC,ɪ,d,g
459,koʊd,1,4,CVVC,False,True,CVC,oʊ,k,d
460,stɛp,1,4,CCVC,False,False,CVC,ɛ,st,p
461,dru,1,3,CCV,False,False,CV,u,dr,
462,geɪm,1,4,CVVC,False,True,CVC,eɪ,g,m
463,wɔrmθ,1,5,CVCCC,True,False,CVC,ɔ,w,rmθ
464,diz,1,3,CVC,False,False,CVC,i,d,z
465,daʊn,1,4,CVVC,False,True,CVC,aʊ,d,n
466,mʌtʃ,1,4,CVCC,False,False,CVC,ʌ,m,tʃ
467,pɒl,1,3,CVC,False,False,CVC,ɒ,p,l
468,kaɪnd,1,5,CVVCC,False,True,CVC,aɪ,k,nd
469,ɛgz,1,3,VCC,False,False,VC,ɛ,,gz
470,gus,1,3,CVC,False,False,CVC,u,g,s
471,brʌpt,1,5,CCVCC,False,False,CVC,ʌ,br,pt
472,drɪŋk,1,5,CCVCC,False,False,CVC,ɪ,dr,ŋk
473,fɔrs,1,4,CVCC,False,False,CVC,ɔ,f,rs
474,gɒt,1,3,CVC,False,False,CVC,ɒ,g,t
475,straɪv,1,6,CCCVVC,True,True,CVC,aɪ,str,v
476,pʊt,1,3,CVC,False,False,CVC,ʊ,p,t
477,klit,1,4,CCVC,False,False,CVC,i,kl,t
478,swɪtʃ,1,5,CCVCC,False,False,CVC,ɪ,sw,tʃ
479,parts,1,5,CVCCC,True,False,CVC,a,p,rts
480,streɪt,1,6,CCCVVC,True,True,CVC,eɪ,str,t
481,ðɪs,1,3,CVC,False,False,CVC,ɪ,ð,s
482,rʌf,1,3,CVC,False,False,CVC,ʌ,r,f
483,pɪər,1,4,CVVC,False,True,CVC,ɪə,p,r
484,nɔɪz,1,4,CVVC,False,True,CVC,ɔɪ,n,z
485,ʃʊər,1,4,CVVC,False,True,CVC,ʊə,ʃ,r
486,pʊər,1,4,CVVC,False,True,CVC,ʊə,p,r
487,tɜrf,1,4,CVCC,False,False,CVC,ɜ,t,rf
488,pɪkt,1,4,CVCC,False,False,CVC,ɪ,p,kt
489,hæʃ,1,3,CVC,False,False,CVC,æ,h,ʃ
490,treɪn,1,5,CCVVC,False,True,CVC,eɪ,tr,n
491,grænd,1,5,CCVCC,False,False,CVC,æ,gr,nd
492,pɪn,1,3,CVC,False,False,CVC,ɪ,p,n
493,nʌn,1,3,CVC,False,False,CVC,ʌ,n,n
494,mʌd,1,3,CVC,False,False,CVC,ʌ,m,d
495,ʃɑrp,1,4,CVCC,False,False,CVC,ɑ,ʃ,rp
496,θroʊ,1,4,CCVV,False,True,CV,oʊ,θr,
497,ɪf,1,2,VC,False,False,VC,ɪ,,f
498,ʃiθ,1,3,CVC,False,False,CVC,i,ʃ,θ
499,brɔt,1,4,CCVC,False,False,CVC,ɔ,br,t
500,lɛft,1,4,CVCC,False,False,CVC,ɛ,l,ft
501,streɪnd,1,7,CCCVVCC,True,True,CVC,eɪ,str,nd
502,swɪm,1,4,CCVC,False,False,CVC,ɪ,sw,m
503,spɒns,1,5,CCVCC,False,False,CVC,ɒ,sp,ns
504,praɪz,1,5,CCVVC,False,True,CVC,aɪ,pr,z
505,pɪlz,1,4,CVCC,False,False,CVC,ɪ,p,lz
506,kwaɪt,1,5,CCVVC,False,True,CVC,aɪ,kw,t
507,greɪp,1,5,CCVVC,False,True,CVC,eɪ,gr,p
508,sʌl,1,3,CVC,False,False,CVC,ʌ,s,l
509,kævz,1,4,CVCC,False,False,CVC,æ,k,vz
510,faɪnd,1,5,CVVCC,False,True,CVC,aɪ,f,nd
511,kreɪn,1,5,CCVVC,False,True,CVC,eɪ,kr,n
512,kɛər,1,4,CVVC,False,True,CVC,ɛə,k,r
513,wɪsp,1,4,CVCC,False,False,CVC,ɪ,w,sp
514,hɪtʃ,1,4,CVCC,False,False,CVC,ɪ,h,tʃ
515,kəl,1,3,CVC,False,False,CVC,ə,k,l
516,byu,1,3,CVV,False,True,CV,yu,b,
517,səlz,1,4,CVCC,False,False,CVC,ə,s,lz
518,θɔ,1,2,CV,False,False,CV,ɔ,θ,
519,lɪsts,1,5,CVCCC,True,False,CVC,ɪ,l,sts
520,æks,1,3,VCC,False,False,VC,æ,,ks
521,pli,1,3,CCV,False,False,CV,i,pl,
522,steɪ,1,4,CCVV,False,True,CV,eɪ,st,
523,heɪ,1,3,CVV,False,True,CV,eɪ,h,
524,klaʊdz,1,6,CCVVCC,False,True,CVC,aʊ,kl,dz
525,rid,1,3,CVC,False,False,CVC,i,r,d
526,kɪn,1,3,CVC,False,False,CVC,ɪ,k,n
527,soʊp,1,4,CVVC,False,True,CVC,oʊ,s,p
528,əkt,1,3,VCC,False,False,VC,ə,,kt
529,tʊk,1,3,CVC,False,False,CVC,ʊ,t,k
530,ʰwaɪ,1,4,CCVV,False,True,CV,aɪ,ʰw,
531,tɜrm,1,4,CVCC,False,False,CVC,ɜ,t,rm
532,teɪm,1,4,CVVC,False,True,CVC,eɪ,t,m
533,pɔɪnt,1,5,CVVCC,False,True,CVC,ɔɪ,p,nt
534,poʊst,1,5,CVVCC,False,True,CVC,oʊ,p,st
535,θʌm,1,3,CVC,False,False,CVC,ʌ,θ,m
536,laɪk,1,4,CVVC,False,True,CVC,aɪ,l,k
537,sɔrd,1,4,CVCC,False,False,CVC,ɔ,s,rd
538,ɔt,1,2,VC,False,False,VC,ɔ,,t
539,paɪl,1,4,CVVC,False,True,CVC,aɪ,p,l
540,ʃɛd,1,3,CVC,False,False,CVC,ɛ,ʃ,d
541,pɛərz,1,5,CVVCC,False,True,CVC,ɛə,p,rz
542,steɪd,1,5,CCVVC,False,True,CVC,eɪ,st,d
543,lig,1,3,CVC,False,False,CVC,i,l,g
544,draʊn,1,5,CCVVC,False,True,CVC,aʊ,dr,n
545,drɪfts,1,6,CCVCCC,True,False,CVC,ɪ,dr,fts
546,tərn,1,4,CVCC,False,False,CVC,ə,t,rn
547,rɪst,1,4,CVCC,False,False,CVC,ɪ,r,st
548,silz,1,4,CVCC,False,False,CVC,i,s,lz
549,rɪb,1,3,CVC,False,False,CVC,ɪ,r,b
550,wɔlz,1,4,CVCC,False,False,CVC,ɔ,w,lz
551,snoʊ,1,4,CCVV,False,True,CV,oʊ,sn,
552,treɪl,1,5,CCVVC,False,True,CVC,eɪ,tr,l
553,wɪs,1,3,CVC,False,False,CVC,ɪ,w,s
554,kʌfs,1,4,CVCC,False,False,CVC,ʌ,k,fs
555,təns,1,4,CVCC,False,False,CVC,ə,t,ns
556,tʃɑrm,1,5,CCVCC,False,False,CVC,ɑ,tʃ,rm
557,wɛst,1,4,CVCC,False,False,CVC,ɛ,w,st
558,treɪs,1,5,CCVVC,False,True,CVC,eɪ,tr,s
559,muvz,1,4,CVCC,False,False,CVC,u,m,vz
560,lɔ,1,2,CV,False,False,CV,ɔ,l,
561,klɪŋk,1,5,CCVCC,False,False,CVC,ɪ,kl,ŋk
562,stərn,1,5,CCVCC,False,False,CVC,ə,st,rn
563,sən,1,3,CVC,False,False,CVC,ə,s,n
564,flæps,1,5,CCVCC,False,False,CVC,æ,fl,ps
565,fɪts,1,4,CVCC,False,False,CVC,ɪ,f,ts
566,dɪp,1,3,CVC,False,False,CVC,ɪ,d,p
567,frɒg,1,4,CCVC,False,False,CVC,ɒ,fr,g
568,mæs,1,3,CVC,False,False,CVC,æ,m,s
569,nə,1,2,CV,False,False,CV,ə,n,
570,skeɪl,1,5,CCVVC,False,True,CVC,eɪ,sk,l
571,stɛd,1,4,CCVC,False,False,CVC,ɛ,st,d
572,bætʃ,1,4,CVCC,False,False,CVC,æ,b,tʃ
573,greips,1,6,CCVVCC,False,True,CVC,ei,gr,ps
574,nɒt,1,3,CVC,False,False,CVC,ɒ,n,t
575,dɜr,1,3,CVC,False,False,CVC,ɜ,d,r
576,tin,1,3,CVC,False,False,CVC,i,t,n
577,twin,1,4,CCVC,False,False,CVC,i,tw,n
578,kɒd,1,3,CVC,False,False,CVC,ɒ,k,d
579,bɜrn,1,4,CVCC,False,False,CVC,ɜ,b,rn
580,dəm,1,3,CVC,False,False,CVC,ə,d,m
581,bloʊ,1,4,CCVV,False,True,CV,oʊ,bl,
582,fɜr,1,3,CVC,False,False,CVC,ɜ,f,r
583,sæŋ,1,3,CVC,False,False,CVC,æ,s,ŋ
584,reɪn,1,4,CVVC,False,True,CVC,eɪ,r,n
585,skɔrz,1,5,CCVCC,False,False,CVC,ɔ,sk,rz
586,bɛnt,1,4,CVCC,False,False,CVC,ɛ,b,nt
587,fɪərs,1,5,CVVCC,False,True,CVC,ɪə,f,rs
588,hɪt,1,3,CVC,False,False,CVC,ɪ,h,t
589,cloʊs,1,5,CCVVC,False,True,CVC,oʊ,cl,s
590,simz,1,4,CVCC,False,False,CVC,i,s,mz
591,paʊnd,1,5,CVVCC,False,True,CVC,aʊ,p,nd
592,tʃɑrt,1,5,CCVCC,False,False,CVC,ɑ,tʃ,rt
593,trʌk,1,4,CCVC,False,False,CVC,ʌ,tr,k
594,friz,1,4,CCVC,False,False,CVC,i,fr,z
595,reɪs,1,4,CVVC,False,True,CVC,eɪ,r,s
596,æz,1,2,VC,False,False,VC,æ,,z
597,mɛθ,1,3,CVC,False,False,CVC,ɛ,m,θ
598,meɪl,1,4,CVVC,False,True,CVC,eɪ,m,l
599,dæʃ,1,3,CVC,False,False,CVC,æ,d,ʃ
600,kwəl,1,4,CCVC,False,False,CVC,ə,kw,l
601,teɪp,1,4,CVVC,False,True,CVC,eɪ,t,p
602,kæt,1,3,CVC,False,False,CVC,æ,k,t
603,mænz,1,4,CVCC,False,False,CVC,æ,m,nz
604,pil,1,3,CVC,False,False,CVC,i,p,l
605,stil,1,4,CCVC,False,False,CVC,i,st,l
606,eɪm,1,3,VVC,False,True,VC,eɪ,,m
607,lɛg,1,3,CVC,False,False,CVC,ɛ,l,g
608,bɛt,1,3,CVC,False,False,CVC,ɛ,b,t
609,meɪlz,1,5,CVVCC,False,True,CVC,eɪ,m,lz
610,gɔn,1,3,CVC,False,False,CVC,ɔ,g,n
611,wɔrp,1,4,CVCC,False,False,CVC,ɔ,w,rp
612,stɒp,1,4,CCVC,False,False,CVC,ɒ,st,p
613,wɔrm,1,4,CVCC,False,False,CVC,ɔ,w,rm
614,mɪks,1,4,CVCC,False,False,CVC,ɪ,m,ks
615,klɔθ,1,4,CCVC,False,False,CVC,ɔ,kl,θ
616,bɔrd,1,4,CVCC,False,False,CVC,ɔ,b,rd
617,frɒks,1,5,CCVCC,False,False,CVC,ɒ,fr,ks
618,yɒt,1,3,VVC,False,True,VC,yɒ,,t
619,soʊl,1,4,CVVC,False,True,CVC,oʊ,s,l
620,pæd,1,3,CVC,False,False,CVC,æ,p,d
621,kɔt,1,3,CVC,False,False,CVC,ɔ,k,t
622,lɒkt,1,4,CVCC,False,False,CVC,ɒ,l,kt
623,mɪŋ,1,3,CVC,False,False,CVC,ɪ,m,ŋ
624,wɪl,1,3,CVC,False,False,CVC,ɪ,w,l
625,tiθ,1,3,CVC,False,False,CVC,i,t,θ
626,næg,1,3,CVC,False,False,CVC,æ,n,g
627,boʊθ,1,4,CVVC,False,True,CVC,oʊ,b,θ
628,saɪz,1,4,CVVC,False,True,CVC,aɪ,s,z
629,frɛndz,1,6,CCVCCC,True,False,CVC,ɛ,fr,ndz
630,spɑrk,1,5,CCVCC,False,False,CVC,ɑ,sp,rk
631,sɛnts,1,5,CVCCC,True,False,CVC,ɛ,s,nts
632,slæb,1,4,CCVC,False,False,CVC,æ,sl,b
633,maʊs,1,4,CVVC,False,True,CVC,aʊ,m,s
634,traʊt,1,5,CCVVC,False,True,CVC,aʊ,tr,t
635,styu,1,4,CCVV,False,True,CV,yu,st,
636,ædɪŋ,1,4,VCVC,False,False,VC,æɪ,,dŋ
637,flæt,1,4,CCVC,False,False,CVC,æ,fl,t
638,dʒɛl,1,4,CCVC,False,False,CVC,ɛ,dʒ,l
639,nɛts,1,4,CVCC,False,False,CVC,ɛ,n,ts
640,ɪn'saɪd,1,7,VCCCVVC,True,True,VC,ɪaɪ,,n'sd
641,krʊk,1,4,CCVC,False,False,CVC,ʊ,kr,k
642,prɒf,1,4,CCVC,False,False,CVC,ɒ,pr,f
643,ruld,1,4,CVCC,False,False,CVC,u,r,ld
644,plænt,1,5,CCVCC,False,False,CVC,æ,pl,nt
645,dɛsk,1,4,CVCC,False,False,CVC,ɛ,d,sk
646,roʊt,1,4,CVVC,False,True,CVC,oʊ,r,t
647,mɪs,1,3,CVC,False,False,CVC,ɪ,m,s
648,koʊt,1,4,CVVC,False,True,CVC,oʊ,k,t
649,teɪsts,1,6,CVVCCC,True,True,CVC,eɪ,t,sts
650,loʊd,1,4,CVVC,False,True,CVC,oʊ,l,d
651,spid,1,4,CCVC,False,False,CVC,i,sp,d
652,gɪvz,1,4,CVCC,False,False,CVC,ɪ,g,vz
653,rɛd,1,3,CVC,False,False,CVC,ɛ,r,d
654,nʌθ,1,3,CVC,False,False,CVC,ʌ,n,θ
655,klaʊd,1,5,CCVVC,False,True,CVC,aʊ,kl,d
656,mʌnθ,1,4,CVCC,False,False,CVC,ʌ,m,nθ
657,brɛk,1,4,CCVC,False,False,CVC,ɛ,br,k
658,tʃiz,1,4,CCVC,False,False,CVC,i,tʃ,z
659,dʌst,1,4,CVCC,False,False,CVC,ʌ,d,st
660,roʊp,1,4,CVVC,False,True,CVC,oʊ,r,p
661,trɪdʒ,1,5,CCVCC,False,False,CVC,ɪ,tr,dʒ
662,hɑf,1,3,CVC,False,False,CVC,ɑ,h,f
663,dɪl,1,3,CVC,False,False,CVC,ɪ,d,l
664,wɔld,1,4,CVCC,False,False,CVC,ɔ,w,ld
665,broʊk,1,5,CCVVC,False,True,CVC,oʊ,br,k
666,tim,1,3,CVC,False,False,CVC,i,t,m
667,smoʊ,1,4,CCVV,False,True,CV,oʊ,sm,
668,taɪərd,1,6,CVVVCC,False,True,CVC,aɪə,t,rd
669,vɪər,1,4,CVVC,False,True,CVC,ɪə,v,r
670,glu,1,3,CCV,False,False,CV,u,gl,
671,gɪt,1,3,CVC,False,False,CVC,ɪ,g,t
672,kætʃ,1,4,CVCC,False,False,CVC,æ,k,tʃ
673,wɒt,1,3,CVC,False,False,CVC,ɒ,w,t
674,faɪv,1,4,CVVC,False,True,CVC,aɪ,f,v
675,ɪərz,1,4,VVCC,False,True,VC,ɪə,,rz
676,gərz,1,4,CVCC,False,False,CVC,ə,g,rz
677,væst,1,4,CVCC,False,False,CVC,æ,v,st
678,flu,1,3,CCV,False,False,CV,u,fl,
679,lɔgz,1,4,CVCC,False,False,CVC,ɔ,l,gz
680,hɒt,1,3,CVC,False,False,CVC,ɒ,h,t
681,snoʊd,1,5,CCVVC,False,True,CVC,oʊ,sn,d
682,pɪərst,1,6,CVVCCC,True,True,CVC,ɪə,p,rst
683,sɪŋ,1,3,CVC,False,False,CVC,ɪ,s,ŋ
684,θɜrd,1,4,CVCC,False,False,CVC,ɜ,θ,rd
685,mæd,1,3,CVC,False,False,CVC,æ,m,d
686,tru,1,3,CCV,False,False,CV,u,tr,
687,wɜrm,1,4,CVCC,False,False,CVC,ɜ,w,rm
688,feɪl,1,4,CVVC,False,True,CVC,eɪ,f,l
689,strɔŋ,1,5,CCCVC,True,False,CVC,ɔ,str,ŋ
690,leɪt,1,4,CVVC,False,True,CVC,eɪ,l,t
691,tɔt,1,3,CVC,False,False,CVC,ɔ,t,t
692,kleɪm,1,5,CCVVC,False,True,CVC,eɪ,kl,m
693,tɔŋz,1,4,CVCC,False,False,CVC,ɔ,t,ŋz
694,steɪn,1,5,CCVVC,False,True,CVC,eɪ,st,n
695,kruz,1,4,CCVC,False,False,CVC,u,kr,z
696,stɪs,1,4,CCVC,False,False,CVC,ɪ,st,s
697,skrin,1,5,CCCVC,True,False,CVC,i,skr,n
698,fraʊn,1,5,CCVVC,False,True,CVC,aʊ,fr,n
699,nɛst,1,4,CVCC,False,False,CVC,ɛ,n,st
700,hɔrn,1,4,CVCC,False,False,CVC,ɔ,h,rn
701,lidz,1,4,CVCC,False,False,CVC,i,l,dz
702,kɔrd,1,4,CVCC,False,False,CVC,ɔ,k,rd
703,tɜr,1,3,CVC,False,False,CVC,ɜ,t,r
704,daɪm,1,4,CVVC,False,True,CVC,aɪ,d,m
705,lɒk,1,3,CVC,False,False,CVC,ɒ,l,k
706,raʊzd,1,5,CVVCC,False,True,CVC,aʊ,r,zd
707,tɛkts,1,5,CVCCC,True,False,CVC,ɛ,t,kts
708,trɒd,1,4,CCVC,False,False,CVC,ɒ,tr,d
709,kʊʃ,1,3,CVC,False,False,CVC,ʊ,k,ʃ
710,rɔŋ,1,3,CVC,False,False,CVC,ɔ,r,ŋ
711,naɪf,1,4,CVVC,False,True,CVC,aɪ,n,f
712,flɪnt,1,5,CCVCC,False,False,CVC,ɪ,fl,nt
713,voʊt,1,4,CVVC,False,True,CVC,oʊ,v,t
714,laɪnz,1,5,CVVCC,False,True,CVC,aɪ,l,nz
715,kɪk,1,3,CVC,False,False,CVC,ɪ,k,k
716,reɪt,1,4,CVVC,False,True,CVC,eɪ,r,t
717,dɪm,1,3,CVC,False,False,CVC,ɪ,d,m
718,dɒl,1,3,CVC,False,False,CVC,ɒ,d,l
719,slɪp,1,4,CCVC,False,False,CVC,ɪ,sl,p
720,stɪŋkt,1,6,CCVCCC,True,False,CVC,ɪ,st,ŋkt
721,smɛl,1,4,CCVC,False,False,CVC,ɛ,sm,l
722,əns,1,3,VCC,False,False,VC,ə,,ns
723,baʊnd,1,5,CVVCC,False,True,CVC,aʊ,b,nd
724,fʌn,1,3,CVC,False,False,CVC,ʌ,f,n
725,koʊlt,1,5,CVVCC,False,True,CVC,oʊ,k,lt
726,gaɪ,1,3,CVV,False,True,CV,aɪ,g,
727,wilz,1,4,CVCC,False,False,CVC,i,w,lz
728,nær,1,3,CVC,False,False,CVC,æ,n,r
729,sæn,1,3,CVC,False,False,CVC,æ,s,n
730,pɛg,1,3,CVC,False,False,CVC,ɛ,p,g
731,blum,1,4,CCVC,False,False,CVC,u,bl,m
732,mɛʃ,1,3,CVC,False,False,CVC,ɛ,m,ʃ
733,strik,1,5,CCCVC,True,False,CVC,i,str,k
734,vaɪvz,1,5,CVVCC,False,True,CVC,aɪ,v,vz
735,faɪ,1,3,CVV,False,True,CV,aɪ,f,
736,pleɪnz,1,6,CCVVCC,False,True,CVC,eɪ,pl,nz
737,ɪŋk,1,3,VCC,False,False,VC,ɪ,,ŋk
738,kæs,1,3,CVC,False,False,CVC,æ,k,s
739,daɪ,1,3,CVV,False,True,CV,aɪ,d,
740,seɪm,1,4,CVVC,False,True,CVC,eɪ,s,m
741,krim,1,4,CCVC,False,False,CVC,i,kr,m
742,tʃuz,1,4,CCVC,False,False,CVC,u,tʃ,z
743,zaɪnz,1,5,CVVCC,False,True,CVC,aɪ,z,nz
744,tɛnts,1,5,CVCCC,True,False,CVC,ɛ,t,nts
745,fəst,1,4,CVCC,False,False,CVC,ə,f,st
746,plɛz,1,4,CCVC,False,False,CVC,ɛ,pl,z
747,raɪp,1,4,CVVC,False,True,CVC,aɪ,r,p
748,læps,1,4,CVCC,False,False,CVC,æ,l,ps
749,rɪv,1,3,CVC,False,False,CVC,ɪ,r,v
750,dʌs,1,3,CVC,False,False,CVC,ʌ,d,s
751,plæŋk,1,5,CCVCC,False,False,CVC,æ,pl,ŋk
752,brʌð,1,4,CCVC,False,False,CVC,ʌ,br,ð
753,taʊn,1,4,CVVC,False,True,CVC,aʊ,t,n
754,ʃits,1,4,CVCC,False,False,CVC,i,ʃ,ts
755,stræp,1,5,CCCVC,True,False,CVC,æ,str,p
756,spitʃ,1,5,CCVCC,False,False,CVC,i,sp,tʃ
757,lɛdʒ,1,4,CVCC,False,False,CVC,ɛ,l,dʒ
758,pɪŋk,1,4,CVCC,False,False,CVC,ɪ,p,ŋk
759,stɪl,1,4,CCVC,False,False,CVC,ɪ,st,l
760,weɪst,1,5,CVVCC,False,True,CVC,eɪ,w,st
761,raɪvd,1,5,CVVCC,False,True,CVC,aɪ,r,vd
762,neɪl,1,4,CVVC,False,True,CVC,eɪ,n,l
763,ɛk,1,2,VC,False,False,VC,ɛ,,k
764,vɛnts,1,5,CVCCC,True,False,CVC,ɛ,v,nts
765,pruf,1,4,CCVC,False,False,CVC,u,pr,f
766,swɛl,1,4,CCVC,False,False,CVC,ɛ,sw,l
767,bɪs,1,3,CVC,False,False,CVC,ɪ,b,s
768,myut,1,4,CVVC,False,True,CVC,yu,m,t
769,nɛrvz,1,5,CVCCC,True,False,CVC,ɛ,n,rvz
770,ərn,1,3,VCC,False,False,VC,ə,,rn
771,bʊk,1,3,CVC,False,False,CVC,ʊ,b,k
772,ʃit,1,3,CVC,False,False,CVC,i,ʃ,t
773,væn,1,3,CVC,False,False,CVC,æ,v,n
774,dɛpθ,1,4,CVCC,False,False,CVC,ɛ,d,pθ
775,gru,1,3,CCV,False,False,CV,u,gr,
776,drɪŋks,1,6,CCVCCC,True,False,CVC,ɪ,dr,ŋks
777,paɪn,1,4,CVVC,False,True,CVC,aɪ,p,n
778,drʌg,1,4,CCVC,False,False,CVC,ʌ,dr,g
779,bɜrd,1,4,CVCC,False,False,CVC,ɜ,b,rd
780,dʌŋk,1,4,CVCC,False,False,CVC,ʌ,d,ŋk
781,hɒp,1,3,CVC,False,False,CVC,ɒ,h,p
782,lænd,1,4,CVCC,False,False,CVC,æ,l,nd
783,ʌs,1,2,VC,False,False,VC,ʌ,,s
784,nʌt,1,3,CVC,False,False,CVC,ʌ,n,t
785,titʃ,1,4,CVCC,False,False,CVC,i,t,tʃ
786,θraɪv,1,5,CCVVC,False,True,CVC,aɪ,θr,v
787,hɪz,1,3,CVC,False,False,CVC,ɪ,h,z
788,ruf,1,3,CVC,False,False,CVC,u,r,f
789,fɜrnz,1,5,CVCCC,True,False,CVC,ɜ,f,rnz
790,fɑrm,1,4,CVCC,False,False,CVC,ɑ,f,rm
791,reɪnd,1,5,CVVCC,False,True,CVC,eɪ,r,nd
792,ɒt,1,2,VC,False,False,VC,ɒ,,t
793,pæt,1,3,CVC,False,False,CVC,æ,p,t
794,drɔ,1,3,CCV,False,False,CV,ɔ,dr,
795,ðə,1,2,CV,False,False,CV,ə,ð,
796,ʃeɪpt,1,5,CVVCC,False,True,CVC,eɪ,ʃ,pt
797,kræmp,1,5,CCVCC,False,False,CVC,æ,kr,mp
798,mʌst,1,4,CVCC,False,False,CVC,ʌ,m,st
799,lɪk,1,3,CVC,False,False,CVC,ɪ,l,k
800,ʃeɪp,1,4,CVVC,False,True,CVC,eɪ,ʃ,p
801,flæks,1,5,CCVCC,False,False,CVC,æ,fl,ks
802,krɔs,1,4,CCVC,False,False,CVC,ɔ,kr,s
803,stʌb,1,4,CCVC,False,False,CVC,ʌ,st,b
804,skɛərd,1,6,CCVVCC,False,True,CVC,ɛə,sk,rd
805,trɪm,1,4,CCVC,False,False,CVC,ɪ,tr,m
806,sɔrs,1,4,CVCC,False,False,CVC,ɔ,s,rs
807,piz,1,3,CVC,False,False,CVC,i,p,z
808,raɪts,1,5,CVVCC,False,True,CVC,aɪ,r,ts
809,greɪn,1,5,CCVVC,False,True,CVC,eɪ,gr,n
810,rɔ,1,2,CV,False,False,CV,ɔ,r,
811,flɪk,1,4,CCVC,False,False,CVC,ɪ,fl,k
812,ʃɪft,1,4,CVCC,False,False,CVC,ɪ,ʃ,ft
813,pɛt,1,3,CVC,False,False,CVC,ɛ,p,t
814,gæs,1,3,CVC,False,False,CVC,æ,g,s
815,kʊd,1,3,CVC,False,False,CVC,ʊ,k,d
816,bɑrd,1,4,CVCC,False,False,CVC,ɑ,b,rd
817,ʃʌt,1,3,CVC,False,False,CVC,ʌ,ʃ,t
818,tɛnd,1,4,CVCC,False,False,CVC,ɛ,t,nd
819,hæp,1,3,CVC,False,False,CVC,æ,h,p
820,kɔz,1,3,CVC,False,False,CVC,ɔ,k,z
821,fɛlt,1,4,CVCC,False,False,CVC,ɛ,f,lt
822,fərd,1,4,CVCC,False,False,CVC,ə,f,rd
823,faɪs,1,4,CVVC,False,True,CVC,aɪ,f,s
824,wɔrn,1,4,CVCC,False,False,CVC,ɔ,w,rn
825,pækt,1,4,CVCC,False,False,CVC,æ,p,kt
826,bim,1,3,CVC,False,False,CVC,i,b,m
827,rʌnz,1,4,CVCC,False,False,CVC,ʌ,r,nz
828,mɔlt,1,4,CVCC,False,False,CVC,ɔ,m,lt
829,pɔrtʃ,1,5,CVCCC,True,False,CVC,ɔ,p,rtʃ
830,bɪlt,1,4,CVCC,False,False,CVC,ɪ,b,lt
831,grups,1,5,CCVCC,False,False,CVC,u,gr,ps
832,tʃæns,1,5,CCVCC,False,False,CVC,æ,tʃ,ns
833,pɪnz,1,4,CVCC,False,False,CVC,ɪ,p,nz
834,bif,1,3,CVC,False,False,CVC,i,b,f
835,hoʊm,1,4,CVVC,False,True,CVC,oʊ,h,m
836,koʊtʃ,1,5,CVVCC,False,True,CVC,oʊ,k,tʃ
837,strɛŋkθ,1,7,CCCVCCC,True,False,CVC,ɛ,str,ŋkθ
838,tə,1,2,CV,False,False,CV,ə,t,
839,bɔs,1,3,CVC,False,False,CVC,ɔ,b,s
840,hɛd,1,3,CVC,False,False,CVC,ɛ,h,d
841,plæŋks,1,6,CCVCCC,True,False,CVC,æ,pl,ŋks
842,æʃɪz,1,4,VCVC,False,False,VC,æɪ,,ʃz
843,kwinz,1,5,CCVCC,False,False,CVC,i,kw,nz
844,yɔr,1,3,VVC,False,True,VC,yɔ,,r
845,yʌŋ,1,3,VVC,False,True,VC,yʌ,,ŋ
846,stoʊnz,1,6,CCVVCC,False,True,CVC,oʊ,st,nz
847,stɔk,1,4,CCVC,False,False,CVC,ɔ,st,k
848,kɔsts,1,5,CVCCC,True,False,CVC,ɔ,k,sts
849,prɪns,1,5,CCVCC,False,False,CVC,ɪ,pr,ns
850,pɔ,1,2,CV,False,False,CV,ɔ,p,
851,pʌntʃ,1,5,CVCCC,True,False,CVC,ʌ,p,ntʃ
852,lif,1,3,CVC,False,False,CVC,i,l,f
853,tərnz,1,5,CVCCC,True,False,CVC,ə,t,rnz
854,lʌv,1,3,CVC,False,False,CVC,ʌ,l,v
855,bɪz,1,3,CVC,False,False,CVC,ɪ,b,z
856,hɔgz,1,4,CVCC,False,False,CVC,ɔ,h,gz
857,skɛər,1,5,CCVVC,False,True,CVC,ɛə,sk,r
858,ɒf,1,2,VC,False,False,VC,ɒ,,f
859,brið,1,4,CCVC,False,False,CVC,i,br,ð
860,kaʊtʃ,1,5,CVVCC,False,True,CVC,aʊ,k,tʃ
861,eɪdʒ,1,4,VVCC,False,True,VC,eɪ,,dʒ
862,twɪn,1,4,CCVC,False,False,CVC,ɪ,tw,n
863,sprɪŋ,1,5,CCCVC,True,False,CVC,ɪ,spr,ŋ
864,brɛd,1,4,CCVC,False,False,CVC,ɛ,br,d
865,hʊk,1,3,CVC,False,False,CVC,ʊ,h,k
866,nyuz,1,4,CVVC,False,True,CVC,yu,n,z
867,kwɛsts,1,6,CCVCCC,True,False,CVC,ɛ,kw,sts
868,fæk,1,3,CVC,False,False,CVC,æ,f,k
869,wɒʃ,1,3,CVC,False,False,CVC,ɒ,w,ʃ
870,braʊn,1,5,CCVVC,False,True,CVC,aʊ,br,n
871,vælv,1,4,CVCC,False,False,CVC,æ,v,lv
872,heɪld,1,5,CVVCC,False,True,CVC,eɪ,h,ld
873,prɪnt,1,5,CCVCC,False,False,CVC,ɪ,pr,nt
874,plæn,1,4,CCVC,False,False,CVC,æ,pl,n
875,tɔɪz,1,4,CVVC,False,True,CVC,ɔɪ,t,z
876,dun,1,3,CVC,False,False,CVC,u,d,n
877,ful,1,3,CVC,False,False,CVC,u,f,l
878,kɜrlz,1,5,CVCCC,True,False,CVC,ɜ,k,rlz
879,wʊl,1,3,CVC,False,False,CVC,ʊ,w,l
880,stɒk,1,4,CCVC,False,False,CVC,ɒ,st,k
881,roʊdz,1,5,CVVCC,False,True,CVC,oʊ,r,dz
882,beɪs,1,4,CVVC,False,True,CVC,eɪ,b,s
883,strʌk,1,5,CCCVC,True,False,CVC,ʌ,str,k
884,gɛnst,1,5,CVCCC,True,False,CVC,ɛ,g,nst
885,lɛnt,1,4,CVCC,False,False,CVC,ɛ,l,nt
886,træʃ,1,4,CCVC,False,False,CVC,æ,tr,ʃ
887,yɑrd,1,4,VVCC,False,True,VC,yɑ,,rd
888,hɪm,1,3,CVC,False,False,CVC,ɪ,h,m
889,pʌp,1,3,CVC,False,False,CVC,ʌ,p,p
890,loʊ,1,3,CVV,False,True,CV,oʊ,l,
891,ʃeɪd,1,4,CVVC,False,True,CVC,eɪ,ʃ,d
892,lɒt,1,3,CVC,False,False,CVC,ɒ,l,t
893,taɪz,1,4,CVVC,False,True,CVC,aɪ,t,z
894,dʒʌŋk,1,5,CCVCC,False,False,CVC,ʌ,dʒ,ŋk
895,bɪdʒ,1,4,CVCC,False,False,CVC,ɪ,b,dʒ
896,pʊld,1,4,CVCC,False,False,CVC,ʊ,p,ld
897,spɛns,1,5,CCVCC,False,False,CVC,ɛ,sp,ns
898,sʌf,1,3,CVC,False,False,CVC,ʌ,s,f
899,dɛt,1,3,CVC,False,False,CVC,ɛ,d,t
900,mɑrʃ,1,4,CVCC,False,False,CVC,ɑ,m,rʃ
901,spɪn,1,4,CCVC,False,False,CVC,ɪ,sp,n
902,tɜrnz,1,5,CVCCC,True,False,CVC,ɜ,t,rnz
903,nyu,1,3,CVV,False,True,CV,yu,n,
904,neɪm,1,4,CVVC,False,True,CVC,eɪ,n,m
905,hyun,1,4,CVVC,False,True,CVC,yu,h,n
906,klɪps,1,5,CCVCC,False,False,CVC,ɪ,kl,ps
907,gɛsts,1,5,CVCCC,True,False,CVC,ɛ,g,sts
908,draɪd,1,5,CCVVC,False,True,CVC,aɪ,dr,d
909,pu,1,2,CV,False,False,CV,u,p,
910,klæmz,1,5,CCVCC,False,False,CVC,æ,kl,mz
911,grɪn,1,4,CCVC,False,False,CVC,ɪ,gr,n
912,stɪtʃ,1,5,CCVCC,False,False,CVC,ɪ,st,tʃ
913,ɪntʃ,1,4,VCCC,True,False,VC,ɪ,,ntʃ
914,kyʊər,1,5,CVVVC,False,True,CVC,yʊə,k,r
915,streɪ,1,5,CCCVV,True,True,CV,eɪ,str,
916,ʌp,1,2,VC,False,False,VC,ʌ,,p
917,daɪv,1,4,CVVC,False,True,CVC,aɪ,d,v
918,skʌs,1,4,CCVC,False,False,CVC,ʌ,sk,s
919,kəld,1,4,CVCC,False,False,CVC,ə,k,ld
920,bɪl,1,3,CVC,False,False,CVC,ɪ,b,l
921,lɔft,1,4,CVCC,False,False,CVC,ɔ,l,ft
922,taɪd,1,4,CVVC,False,True,CVC,aɪ,t,d
923,faɪt,1,4,CVVC,False,True,CVC,aɪ,f,t
924,bɛst,1,4,CVCC,False,False,CVC,ɛ,b,st
925,goʊ,1,3,CVV,False,True,CV,oʊ,g,
926,blæk,1,4,CCVC,False,False,CVC,æ,bl,k
927,feɪs,1,4,CVVC,False,True,CVC,eɪ,f,s
928,bɜrθ,1,4,CVCC,False,False,CVC,ɜ,b,rθ
929,tʌk,1,3,CVC,False,False,CVC,ʌ,t,k
930,fɪz,1,3,CVC,False,False,CVC,ɪ,f,z
931,itʃ,1,3,VCC,False,False,VC,i,,tʃ
932,mil,1,3,CVC,False,False,CVC,i,m,l
933,myul,1,4,CVVC,False,True,CVC,yu,m,l
934,saɪdz,1,5,CVVCC,False,True,CVC,aɪ,s,dz
935,θɪn,1,3,CVC,False,False,CVC,ɪ,θ,n
936,lʌʃ,1,3,CVC,False,False,CVC,ʌ,l,ʃ
937,bɜrnt,1,5,CVCCC,True,False,CVC,ɜ,b,rnt
938,paɪlz,1,5,CVVCC,False,True,CVC,aɪ,p,lz
939,dɪf,1,3,CVC,False,False,CVC,ɪ,d,f
940,skɪn,1,4,CCVC,False,False,CVC,ɪ,sk,n
941,nɒv,1,3,CVC,False,False,CVC,ɒ,n,v
942,ʃeɪk,1,4,CVVC,False,True,CVC,eɪ,ʃ,k
943,slænt,1,5,CCVCC,False,False,CVC,æ,sl,nt
944,weɪvz,1,5,CVVCC,False,True,CVC,eɪ,w,vz
945,ʃɜrt,1,4,CVCC,False,False,CVC,ɜ,ʃ,rt
946,kwɛntʃ,1,6,CCVCCC,True,False,CVC,ɛ,kw,ntʃ
947,breɪd,1,5,CCVVC,False,True,CVC,eɪ,br,d
948,bɛl,1,3,CVC,False,False,CVC,ɛ,b,l
949,zʌlt,1,4,CVCC,False,False,CVC,ʌ,z,lt
950,ðiz,1,3,CVC,False,False,CVC,i,ð,z
951,vɪŋ,1,3,CVC,False,False,CVC,ɪ,v,ŋ
952,wi,1,2,CV,False,False,CV,i,w,
953,bru,1,3,CCV,False,False,CV,u,br,
954,bɪər,1,4,CVVC,False,True,CVC,ɪə,b,r
955,sɔl,1,3,CVC,False,False,CVC,ɔ,s,l
956,wɛn,1,3,CVC,False,False,CVC,ɛ,w,n
957,rʌs,1,3,CVC,False,False,CVC,ʌ,r,s
958,rɪdʒ,1,4,CVCC,False,False,CVC,ɪ,r,dʒ
959,grit,1,4,CCVC,False,False,CVC,i,gr,t
960,stip,1,4,CCVC,False,False,CVC,i,st,p
961,træk,1,4,CCVC,False,False,CVC,æ,tr,k
962,læm,1,3,CVC,False,False,CVC,æ,l,m
963,pɜrs,1,4,CVCC,False,False,CVC,ɜ,p,rs
964,tunz,1,4,CVCC,False,False,CVC,u,t,nz
965,tik,1,3,CVC,False,False,CVC,i,t,k
966,stɔrm,1,5,CCVCC,False,False,CVC,ɔ,st,rm
967,mɛər,1,4,CVVC,False,True,CVC,ɛə,m,r
968,slip,1,4,CCVC,False,False,CVC,i,sl,p
969,tɔr,1,3,CVC,False,False,CVC,ɔ,t,r
970,lɔf,1,3,CVC,False,False,CVC,ɔ,l,f
971,hɑrt,1,4,CVCC,False,False,CVC,ɑ,h,rt
972,skru,1,4,CCCV,True,False,CV,u,skr,
973,boʊlt,1,5,CVVCC,False,True,CVC,oʊ,b,lt
974,wɪnd,1,4,CVCC,False,False,CVC,ɪ,w,nd
975,waɪp,1,4,CVVC,False,True,CVC,aɪ,w,p
976,faɪərz,1,6,CVVVCC,False,True,CVC,aɪə,f,rz
977,trɪs,1,4,CCVC,False,False,CVC,ɪ,tr,s
978,sweɪd,1,5,CCVVC,False,True,CVC,eɪ,sw,d
979,gʌn,1,3,CVC,False,False,CVC,ʌ,g,n
980,sɪdʒ,1,4,CVCC,False,False,CVC,ɪ,s,dʒ
981,fil,1,3,CVC,False,False,CVC,i,f,l
982,strɪp,1,5,CCCVC,True,False,CVC,ɪ,str,p
983,dərd,1,4,CVCC,False,False,CVC,ə,d,rd
984,trɪmz,1,5,CCVCC,False,False,CVC,ɪ,tr,mz
985,fɜrst,1,5,CVCCC,True,False,CVC,ɜ,f,rst
986,hip,1,3,CVC,False,False,CVC,i,h,p
987,peɪnt,1,5,CVVCC,False,True,CVC,eɪ,p,nt
988,bæl,1,3,CVC,False,False,CVC,æ,b,l
989,bɒmz,1,4,CVCC,False,False,CVC,ɒ,b,mz
990,ræmp,1,4,CVCC,False,False,CVC,æ,r,mp
991,pɑr,1,3,CVC,False,False,CVC,ɑ,p,r
992,kʊk,1,3,CVC,False,False,CVC,ʊ,k,k
993,hi,1,2,CV,False,False,CV,i,h,
994,strɒŋ,1,5,CCCVC,True,False,CVC,ɒ,str,ŋ
995,doʊz,1,4,CVVC,False,True,CVC,oʊ,d,z
996,stʌŋ,1,4,CCVC,False,False,CVC,ʌ,st,ŋ
997,hɛlps,1,5,CVCCC,True,False,CVC,ɛ,h,lps
998,liv,1,3,CVC,False,False,CVC,i,l,v
999,ræŋ,1,3,CVC,False,False,CVC,æ,r,ŋ
1000,tæŋ,1,3,CVC,False,False,CVC,æ,t,ŋ
1001,feɪst,1,5,CVVCC,False,True,CVC,eɪ,f,st
1002,greɪt,1,5,CCVVC,False,True,CVC,eɪ,gr,t
1003,grup,1,4,CCVC,False,False,CVC,u,gr,p
1004,dreips,1,6,CCVVCC,False,True,CVC,ei,dr,ps
1005,kɑrv,1,4,CVCC,False,False,CVC,ɑ,k,rv
1006,rɪərd,1,5,CVVCC,False,True,CVC,ɪə,r,rd
1007,klɪər,1,5,CCVVC,False,True,CVC,ɪə,kl,r
1008,træp,1,4,CCVC,False,False,CVC,æ,tr,p
1009,dʒɑr,1,4,CCVC,False,False,CVC,ɑ,dʒ,r
1010,pæst,1,4,CVCC,False,False,CVC,æ,p,st
1011,fə,1,2,CV,False,False,CV,ə,f,
1012,plʌʃ,1,4,CCVC,False,False,CVC,ʌ,pl,ʃ
1013,raɪz,1,4,CVVC,False,True,CVC,aɪ,r,z
1014,fild,1,4,CVCC,False,False,CVC,i,f,ld
1015,hæv,1,3,CVC,False,False,CVC,æ,h,v
1016,pleɪt,1,5,CCVVC,False,True,CVC,eɪ,pl,t
1017,geɪ,1,3,CVV,False,True,CV,eɪ,g,
1018,mæts,1,4,CVCC,False,False,CVC,æ,m,ts
1019,wɛð,1,3,CVC,False,False,CVC,ɛ,w,ð
1020,hɪndʒ,1,5,CVCCC,True,False,CVC,ɪ,h,ndʒ
1021,braɪb,1,5,CCVVC,False,True,CVC,aɪ,br,b
1022,dʒeɪl,1,5,CCVVC,False,True,CVC,eɪ,dʒ,l
1023,vyu,1,3,CVV,False,True,CV,yu,v,
1024,boʊt,1,4,CVVC,False,True,CVC,oʊ,b,t
1025,kɔn,1,3,CVC,False,False,CVC,ɔ,k,n
1026,dʒɒb,1,4,CCVC,False,False,CVC,ɒ,dʒ,b
1027,wəz,1,3,CVC,False,False,CVC,ə,w,z
1028,mɪn,1,3,CVC,False,False,CVC,ɪ,m,n
1029,klæn,1,4,CCVC,False,False,CVC,æ,kl,n
1030,nid,1,3,CVC,False,False,CVC,i,n,d
1031,ɛks,1,3,VCC,False,False,VC,ɛ,,ks
1032,læmp,1,4,CVCC,False,False,CVC,æ,l,mp
1033,ɒks,1,3,VCC,False,False,VC,ɒ,,ks
1034,pruvz,1,5,CCVCC,False,False,CVC,u,pr,vz
1035,droʊnd,1,6,CCVVCC,False,True,CVC,oʊ,dr,nd
1036,smoʊk,1,5,CCVVC,False,True,CVC,oʊ,sm,k
1037,tʃɪks,1,5,CCVCC,False,False,CVC,ɪ,tʃ,ks
1038,pənd,1,4,CVCC,False,False,CVC,ə,p,nd
1039,lʌg,1,3,CVC,False,False,CVC,ʌ,l,g
1040,stim,1,4,CCVC,False,False,CVC,i,st,m
1041,bɔrdz,1,5,CVCCC,True,False,CVC,ɔ,b,rdz
1042,dɒg,1,3,CVC,False,False,CVC,ɒ,d,g
1043,faɪn,1,4,CVVC,False,True,CVC,aɪ,f,n
1044,ist,1,3,VCC,False,False,VC,i,,st
1045,lɛv,1,3,CVC,False,False,CVC,ɛ,l,v
1046,ɪm,1,2,VC,False,False,VC,ɪ,,m
1047,klæp,1,4,CCVC,False,False,CVC,æ,kl,p
1048,straɪk,1,6,CCCVVC,True,True,CVC,aɪ,str,k
1049,vaʊtʃ,1,5,CVVCC,False,True,CVC,aʊ,v,tʃ
1050,lɛŋkθ,1,5,CVCCC,True,False,CVC,ɛ,l,ŋkθ
1051,lup,1,3,CVC,False,False,CVC,u,l,p
1052,kær,1,3,CVC,False,False,CVC,æ,k,r
1053,kɜrd,1,4,CVCC,False,False,CVC,ɜ,k,rd
1054,proʊn,1,5,CCVVC,False,True,CVC,oʊ,pr,n
1055,bɔkt,1,4,CVCC,False,False,CVC,ɔ,b,kt
1056,pɜrl,1,4,CVCC,False,False,CVC,ɜ,p,rl
1057,drɛntʃ,1,6,CCVCCC,True,False,CVC,ɛ,dr,ntʃ
1058,hæts,1,4,CVCC,False,False,CVC,æ,h,ts
1059,tæŋk,1,4,CVCC,False,False,CVC,æ,t,ŋk
1060,baɪnd,1,5,CVVCC,False,True,CVC,aɪ,b,nd
1061,læk,1,3,CVC,False,False,CVC,æ,l,k
1062,ðoʊ,1,3,CVV,False,True,CV,oʊ,ð,
1063,mɪt,1,3,CVC,False,False,CVC,ɪ,m,t
1064,drup,1,4,CCVC,False,False,CVC,u,dr,p
1065,klɒk,1,4,CCVC,False,False,CVC,ɒ,kl,k
1066,fɔls,1,4,CVCC,False,False,CVC,ɔ,f,ls
1067,wɪm,1,3,CVC,False,False,CVC,ɪ,w,m
1068,streɪn,1,6,CCCVVC,True,True,CVC,eɪ,str,n
1069,ləmz,1,4,CVCC,False,False,CVC,ə,l,mz
1070,dɒk,1,3,CVC,False,False,CVC,ɒ,d,k
1071,rʌg,1,3,CVC,False,False,CVC,ʌ,r,g
1072,frut,1,4,CCVC,False,False,CVC,u,fr,t
1073,pʌf,1,3,CVC,False,False,CVC,ʌ,p,f
1074,dʌl,1,3,CVC,False,False,CVC,ʌ,d,l
1075,ðæt,1,3,CVC,False,False,CVC,æ,ð,t
1076,smʌg,1,4,CCVC,False,False,CVC,ʌ,sm,g
1077,fæn,1,3,CVC,False,False,CVC,æ,f,n
1078,spiks,1,5,CCVCC,False,False,CVC,i,sp,ks
1079,dʒɛm,1,4,CCVC,False,False,CVC,ɛ,dʒ,m
1080,nɛkst,1,5,CVCCC,True,False,CVC,ɛ,n,kst
1081,feɪz,1,4,CVVC,False,True,CVC,eɪ,f,z
1082,sɪp,1,3,CVC,False,False,CVC,ɪ,s,p
1083,saʊ,1,3,CVV,False,True,CV,aʊ,s,
1084,'æb,1,3,CVC,False,False,CVC,æ,',b
1085,pən,1,3,CVC,False,False,CVC,ə,p,n
1086,boʊlz,1,5,CVVCC,False,True,CVC,oʊ,b,lz
1087,tɪŋd,1,4,CVCC,False,False,CVC,ɪ,t,ŋd
1088,tækt,1,4,CVCC,False,False,CVC,æ,t,kt
1089,fʌdʒ,1,4,CVCC,False,False,CVC,ʌ,f,dʒ
1090,stənt,1,5,CCVCC,False,False,CVC,ə,st,nt
1091,spɑrks,1,6,CCVCCC,True,False,CVC,ɑ,sp,rks
1092,ɑr,1,2,VC,False,False,VC,ɑ,,r
1093,mɪnt,1,4,CVCC,False,False,CVC,ɪ,m,nt
1094,sɪl,1,3,CVC,False,False,CVC,ɪ,s,l
1095,loʊn,1,4,CVVC,False,True,CVC,oʊ,l,n
1096,ʃæg,1,3,CVC,False,False,CVC,æ,ʃ,g
1097,fɛr,1,3,CVC,False,False,CVC,ɛ,f,r
1098,fyʊər,1,5,CVVVC,False,True,CVC,yʊə,f,r
1099,fɛð,1,3,CVC,False,False,CVC,ɛ,f,ð
1100,nɒz,1,3,CVC,False,False,CVC,ɒ,n,z
1101,frəm,1,4,CCVC,False,False,CVC,ə,fr,m
1102,tʃif,1,4,CCVC,False,False,CVC,i,tʃ,f
1103,greɪ,1,4,CCVV,False,True,CV,eɪ,gr,
1104,sun,1,3,CVC,False,False,CVC,u,s,n
1105,ræg,1,3,CVC,False,False,CVC,æ,r,g
1106,tɛst,1,4,CVCC,False,False,CVC,ɛ,t,st
1107,mæps,1,4,CVCC,False,False,CVC,æ,m,ps
1108,hændz,1,5,CVCCC,True,False,CVC,æ,h,ndz
1109,pæn,1,3,CVC,False,False,CVC,æ,p,n
1110,dʊər,1,4,CVVC,False,True,CVC,ʊə,d,r
1111,pʊʃ,1,3,CVC,False,False,CVC,ʊ,p,ʃ
1112,drɪz,1,4,CCVC,False,False,CVC,ɪ,dr,z
1113,tʃip,1,4,CCVC,False,False,CVC,i,tʃ,p
1114,hoʊ,1,3,CVV,False,True,CV,oʊ,h,
1115,soʊd,1,4,CVVC,False,True,CVC,oʊ,s,d
1116,blɒt,1,4,CCVC,False,False,CVC,ɒ,bl,t
1117,trɛd,1,4,CCVC,False,False,CVC,ɛ,tr,d
1118,flaɪ,1,4,CCVV,False,True,CV,aɪ,fl,
1119,brɪk,1,4,CCVC,False,False,CVC,ɪ,br,k
1120,nun,1,3,CVC,False,False,CVC,u,n,n
1121,poʊl,1,4,CVVC,False,True,CVC,oʊ,p,l
1122,hyudʒ,1,5,CVVCC,False,True,CVC,yu,h,dʒ
1123,hæd,1,3,CVC,False,False,CVC,æ,h,d
1124,feɪm,1,4,CVVC,False,True,CVC,eɪ,f,m
1125,mætʃ,1,4,CVCC,False,False,CVC,æ,m,tʃ
1126,bʌmp,1,4,CVCC,False,False,CVC,ʌ,b,mp
1127,dʒʌg,1,4,CCVC,False,False,CVC,ʌ,dʒ,g
1128,glas,1,4,CCVC,False,False,CVC,a,gl,s
1129,goʊld,1,5,CVVCC,False,True,CVC,oʊ,g,ld
1130,raɪs,1,4,CVVC,False,True,CVC,aɪ,r,s
1131,dɔrz,1,4,CVCC,False,False,CVC,ɔ,d,rz
1132,meɪz,1,4,CVVC,False,True,CVC,eɪ,m,z
1133,tʃɪl,1,4,CCVC,False,False,CVC,ɪ,tʃ,l
1134,mɑrk,1,4,CVCC,False,False,CVC,ɑ,m,rk
1135,hit,1,3,CVC,False,False,CVC,i,h,t
1136,rʌb,1,3,CVC,False,False,CVC,ʌ,r,b
1137,hɔl,1,3,CVC,False,False,CVC,ɔ,h,l
1138,koʊl,1,4,CVVC,False,True,CVC,oʊ,k,l
1139,skɪl,1,4,CCVC,False,False,CVC,ɪ,sk,l
1140,bɒks,1,4,CVCC,False,False,CVC,ɒ,b,ks
1141,feɪlz,1,5,CVVCC,False,True,CVC,eɪ,f,lz
1142,frɛntʃ,1,6,CCVCCC,True,False,CVC,ɛ,fr,ntʃ
1143,haʊst,1,5,CVVCC,False,True,CVC,aʊ,h,st
1144,pɑrkt,1,5,CVCCC,True,False,CVC,ɑ,p,rkt
1145,yuzd,1,4,VVCC,False,True,VC,yu,,zd
1146,twaɪn,1,5,CCVVC,False,True,CVC,aɪ,tw,n
1147,gæŋ,1,3,CVC,False,False,CVC,æ,g,ŋ
1148,ərdz,1,4,VCCC,True,False,VC,ə,,rdz
1149,fɔrm,1,4,CVCC,False,False,CVC,ɔ,f,rm
1150,leɪm,1,4,CVVC,False,True,CVC,eɪ,l,m
1151,spɛnd,1,5,CCVCC,False,False,CVC,ɛ,sp,nd
1152,lɒst,1,4,CVCC,False,False,CVC,ɒ,l,st
1153,liʃ,1,3,CVC,False,False,CVC,i,l,ʃ
1154,kɔrt,1,4,CVCC,False,False,CVC,ɔ,k,rt
1155,reɪz,1,4,CVVC,False,True,CVC,eɪ,r,z
1156,laɪvd,1,5,CVVCC,False,True,CVC,aɪ,l,vd
1157,vɛnt,1,4,CVCC,False,False,CVC,ɛ,v,nt
1158,harts,1,5,CVCCC,True,False,CVC,a,h,rts
1159,dɪtʃ,1,4,CVCC,False,False,CVC,ɪ,d,tʃ
1160,eɪt,1,3,VVC,False,True,VC,eɪ,,t
1161,foʊn,1,4,CVVC,False,True,CVC,oʊ,f,n
1162,kɒbz,1,4,CVCC,False,False,CVC,ɒ,k,bz
1163,straɪp,1,6,CCCVVC,True,True,CVC,aɪ,str,p
1164,blɒks,1,5,CCVCC,False,False,CVC,ɒ,bl,ks
1165,staɪ,1,4,CCVV,False,True,CV,aɪ,st,
1166,ðərn,1,4,CVCC,False,False,CVC,ə,ð,rn
1167,twɛlfθ,1,6,CCVCCC,True,False,CVC,ɛ,tw,lfθ
1168,spʌt,1,4,CCVC,False,False,CVC,ʌ,sp,t
1169,gəld,1,4,CVCC,False,False,CVC,ə,g,ld
1170,hʌŋ,1,3,CVC,False,False,CVC,ʌ,h,ŋ
1171,nz,1,2,CC,False,False,C,,,
1172,rud,1,3,CVC,False,False,CVC,u,r,d
1173,bɪlz,1,4,CVCC,False,False,CVC,ɪ,b,lz
1174,bræs,1,4,CCVC,False,False,CVC,æ,br,s
1175,kʌt,1,3,CVC,False,False,CVC,ʌ,k,t
1176,bloʊz,1,5,CCVVC,False,True,CVC,oʊ,bl,z
1177,oʊθ,1,3,VVC,False,True,VC,oʊ,,θ
1178,bɜrtʃ,1,5,CVCCC,True,False,CVC,ɜ,b,rtʃ
1179,bʌntʃ,1,5,CVCCC,True,False,CVC,ʌ,b,ntʃ
1180,waɪl,1,4,CVVC,False,True,CVC,aɪ,w,l
1181,tul,1,3,CVC,False,False,CVC,u,t,l
1182,næs,1,3,CVC,False,False,CVC,æ,n,s
1183,plænz,1,5,CCVCC,False,False,CVC,æ,pl,nz
1184,slik,1,4,CCVC,False,False,CVC,i,sl,k
1185,stæmp,1,5,CCVCC,False,False,CVC,æ,st,mp
1186,bʌnz,1,4,CVCC,False,False,CVC,ʌ,b,nz
1187,brɪsk,1,5,CCVCC,False,False,CVC,ɪ,br,sk
1188,hɔg,1,3,CVC,False,False,CVC,ɔ,h,g
1189,bɛnd,1,4,CVCC,False,False,CVC,ɛ,b,nd
1190,fleɪmz,1,6,CCVVCC,False,True,CVC,eɪ,fl,mz
1191,keɪp,1,4,CVVC,False,True,CVC,eɪ,k,p
1192,ɪər,1,3,VVC,False,True,VC,ɪə,,r
1193,ɜr,1,2,VC,False,False,VC,ɜ,,r
1194,fɒks,1,4,CVCC,False,False,CVC,ɒ,f,ks
1195,ʃʊd,1,3,CVC,False,False,CVC,ʊ,ʃ,d
1196,sæd,1,3,CVC,False,False,CVC,æ,s,d
1197,keɪs,1,4,CVVC,False,True,CVC,eɪ,k,s
1198,heɪt,1,4,CVVC,False,True,CVC,eɪ,h,t
1199,tʃit,1,4,CCVC,False,False,CVC,i,tʃ,t
1200,nɒb,1,3,CVC,False,False,CVC,ɒ,n,b
1201,rɛnt,1,4,CVCC,False,False,CVC,ɛ,r,nt
1202,tʃɒpt,1,5,CCVCC,False,False,CVC,ɒ,tʃ,pt
1203,muv,1,3,CVC,False,False,CVC,u,m,v
1204,groʊ,1,4,CCVV,False,True,CV,oʊ,gr,
1205,kænz,1,4,CVCC,False,False,CVC,æ,k,nz
1206,hiv,1,3,CVC,False,False,CVC,i,h,v
1207,tʃeɪndʒ,1,7,CCVVCCC,True,True,CVC,eɪ,tʃ,ndʒ
1208,saɪt,1,4,CVVC,False,True,CVC,aɪ,s,t
1209,tɔl,1,3,CVC,False,False,CVC,ɔ,t,l
1210,vɛr,1,3,CVC,False,False,CVC,ɛ,v,r
1211,bɔɪld,1,5,CVVCC,False,True,CVC,ɔɪ,b,ld
1212,pəs,1,3,CVC,False,False,CVC,ə,p,s
1213,mʌm,1,3,CVC,False,False,CVC,ʌ,m,m
1214,beɪl,1,4,CVVC,False,True,CVC,eɪ,b,l
1215,taɪp,1,4,CVVC,False,True,CVC,aɪ,t,p
1216,lin,1,3,CVC,False,False,CVC,i,l,n
1217,sənt,1,4,CVCC,False,False,CVC,ə,s,nt
1218,pər,1,3,CVC,False,False,CVC,ə,p,r
1219,stu,1,3,CCV,False,False,CV,u,st,
1220,fɒl,1,3,CVC,False,False,CVC,ɒ,f,l
1221,seɪvz,1,5,CVVCC,False,True,CVC,eɪ,s,vz
1222,sli,1,3,CCV,False,False,CV,i,sl,
1223,woʊk,1,4,CVVC,False,True,CVC,oʊ,w,k
1224,fʌnd,1,4,CVCC,False,False,CVC,ʌ,f,nd
1225,flɒp,1,4,CCVC,False,False,CVC,ɒ,fl,p
1226,tæps,1,4,CVCC,False,False,CVC,æ,t,ps
1227,yus,1,3,VVC,False,True,VC,yu,,s
1228,saɪn,1,4,CVVC,False,True,CVC,aɪ,s,n
1229,wɛt,1,3,CVC,False,False,CVC,ɛ,w,t
1230,ʃaɪn,1,4,CVVC,False,True,CVC,aɪ,ʃ,n
1231,spi,1,3,CCV,False,False,CV,i,sp,
1232,lɛm,1,3,CVC,False,False,CVC,ɛ,l,m
1233,beɪð,1,4,CVVC,False,True,CVC,eɪ,b,ð
1234,θɔt,1,3,CVC,False,False,CVC,ɔ,θ,t
1235,wɔrf,1,4,CVCC,False,False,CVC,ɔ,w,rf
1236,maɪndz,1,6,CVVCCC,True,True,CVC,aɪ,m,ndz
1237,kɜrld,1,5,CVCCC,True,False,CVC,ɜ,k,rld
1238,læg,1,3,CVC,False,False,CVC,æ,l,g
1239,maʊθ,1,4,CVVC,False,True,CVC,aʊ,m,θ
1240,fækts,1,5,CVCCC,True,False,CVC,æ,f,kts
1241,traɪd,1,5,CCVVC,False,True,CVC,aɪ,tr,d
1242,mɪlk,1,4,CVCC,False,False,CVC,ɪ,m,lk
1243,ɪʃt,1,3,VCC,False,False,VC,ɪ,,ʃt
1244,gɛs,1,3,CVC,False,False,CVC,ɛ,g,s
1245,faʊnd,1,5,CVVCC,False,True,CVC,aʊ,f,nd
1246,lɪdz,1,4,CVCC,False,False,CVC,ɪ,l,dz
1247,blɒk,1,4,CCVC,False,False,CVC,ɒ,bl,k
1248,deɪn,1,4,CVVC,False,True,CVC,eɪ,d,n
1249,flæsk,1,5,CCVCC,False,False,CVC,æ,fl,sk
1250,tʃɪŋk,1,5,CCVCC,False,False,CVC,ɪ,tʃ,ŋk
1251,fit,1,3,CVC,False,False,CVC,i,f,t
1252,wɛl,1,3,CVC,False,False,CVC,ɛ,w,l
1253,tæks,1,4,CVCC,False,False,CVC,æ,t,ks
1254,said,1,4,CVVC,False,True,CVC,ai,s,d
1255,paɪp,1,4,CVVC,False,True,CVC,aɪ,p,p
1256,spaɪs,1,5,CCVVC,False,True,CVC,aɪ,sp,s
1257,naɪs,1,4,CVVC,False,True,CVC,aɪ,n,s
1258,peɪv,1,4,CVVC,False,True,CVC,eɪ,p,v
1259,ɔɪld,1,4,VVCC,False,True,VC,ɔɪ,,ld
1260,stɑrk,1,5,CCVCC,False,False,CVC,ɑ,st,rk
1261,kwɔrt,1,5,CCVCC,False,False,CVC,ɔ,kw,rt
1262,kaɪt,1,4,CVVC,False,True,CVC,aɪ,k,t
1263,sɛns,1,4,CVCC,False,False,CVC,ɛ,s,ns
1264,oʊld,1,4,VVCC,False,True,VC,oʊ,,ld
1265,waɪ,1,3,CVV,False,True,CV,aɪ,w,
1266,skwɛər,1,6,CCCVVC,True,True,CVC,ɛə,skw,r
1267,prɒb,1,4,CCVC,False,False,CVC,ɒ,pr,b
1268,tɪlt,1,4,CVCC,False,False,CVC,ɪ,t,lt
1269,ðeɪ,1,3,CVV,False,True,CV,eɪ,ð,
1270,raɪv,1,4,CVVC,False,True,CVC,aɪ,r,v
1271,bʊks,1,4,CVCC,False,False,CVC,ʊ,b,ks
1272,peɪs,1,4,CVVC,False,True,CVC,eɪ,p,s
1273,livz,1,4,CVCC,False,False,CVC,i,l,vz
1274,sprɛd,1,5,CCCVC,True,False,CVC,ɛ,spr,d
1275,trʌŋk,1,5,CCVCC,False,False,CVC,ʌ,tr,ŋk
1276,koʊn,1,4,CVVC,False,True,CVC,oʊ,k,n
1277,dʒɜr,1,4,CCVC,False,False,CVC,ɜ,dʒ,r
1278,luz,1,3,CVC,False,False,CVC,u,l,z
1279,kʌts,1,4,CVCC,False,False,CVC,ʌ,k,ts
1280,paʊ,1,3,CVV,False,True,CV,aʊ,p,
1281,slæm,1,4,CCVC,False,False,CVC,æ,sl,m
1282,vɜr,1,3,CVC,False,False,CVC,ɜ,v,r
1283,krɒp,1,4,CCVC,False,False,CVC,ɒ,kr,p
1284,lən,1,3,CVC,False,False,CVC,ə,l,n
1285,lɑrdʒ,1,5,CVCCC,True,False,CVC,ɑ,l,rdʒ
1286,skwɜr,1,5,CCCVC,True,False,CVC,ɜ,skw,r
1287,klɒz,1,4,CCVC,False,False,CVC,ɒ,kl,z
1288,sɛz,1,3,CVC,False,False,CVC,ɛ,s,z
1289,vɒlv,1,4,CVCC,False,False,CVC,ɒ,v,lv
1290,læsts,1,5,CVCCC,True,False,CVC,æ,l,sts
1291,pitʃ,1,4,CVCC,False,False,CVC,i,p,tʃ
1292,trups,1,5,CCVCC,False,False,CVC,u,tr,ps
1293,kɪdz,1,4,CVCC,False,False,CVC,ɪ,k,dz
1294,noʊz,1,4,CVVC,False,True,CVC,oʊ,n,z
1295,ræft,1,4,CVCC,False,False,CVC,æ,r,ft
1296,ɪŋz,1,3,VCC,False,False,VC,ɪ,,ŋz
1297,kɔzd,1,4,CVCC,False,False,CVC,ɔ,k,zd
1298,fɔl,1,3,CVC,False,False,CVC,ɔ,f,l
1299,dʒʌst,1,5,CCVCC,False,False,CVC,ʌ,dʒ,st
1300,fɛl,1,3,CVC,False,False,CVC,ɛ,f,l
1301,pʌz,1,3,CVC,False,False,CVC,ʌ,p,z
1302,hɜrt,1,4,CVCC,False,False,CVC,ɜ,h,rt
1303,kreɪt,1,5,CCVVC,False,True,CVC,eɪ,kr,t
1304,ɔf,1,2,VC,False,False,VC,ɔ,,f
1305,wɒnt,1,4,CVCC,False,False,CVC,ɒ,w,nt
1306,kʌmz,1,4,CVCC,False,False,CVC,ʌ,k,mz
1307,mɑrks,1,5,CVCCC,True,False,CVC,ɑ,m,rks
1308,haʊzɪz,1,6,CVVCVC,False,True,CVC,aʊɪ,h,zz
1309,moʊl,1,4,CVVC,False,True,CVC,oʊ,m,l
1310,bæθ,1,3,CVC,False,False,CVC,æ,b,θ
1311,pɔrt,1,4,CVCC,False,False,CVC,ɔ,p,rt
1312,hɛl,1,3,CVC,False,False,CVC,ɛ,h,l
1313,strɛtʃ,1,6,CCCVCC,True,False,CVC,ɛ,str,tʃ
1314,ɛv,1,2,VC,False,False,VC,ɛ,,v
1315,ækt,1,3,VCC,False,False,VC,æ,,kt
1316,stʌnd,1,5,CCVCC,False,False,CVC,ʌ,st,nd
1317,'rɛk,1,4,CCVC,False,False,CVC,ɛ,'r,k
1318,sʌmz,1,4,CVCC,False,False,CVC,ʌ,s,mz
1319,kɔɪnz,1,5,CVVCC,False,True,CVC,ɔɪ,k,nz
1320,briz,1,4,CCVC,False,False,CVC,i,br,z
1321,pɪd,1,3,CVC,False,False,CVC,ɪ,p,d
1322,fæs,1,3,CVC,False,False,CVC,æ,f,s
1323,pliz,1,4,CCVC,False,False,CVC,i,pl,z
1324,plʌm,1,4,CCVC,False,False,CVC,ʌ,pl,m
1325,trʌst,1,5,CCVCC,False,False,CVC,ʌ,tr,st
1326,nɔr,1,3,CVC,False,False,CVC,ɔ,n,r
1327,sits,1,4,CVCC,False,False,CVC,i,s,ts
1328,ʃɛərz,1,5,CVVCC,False,True,CVC,ɛə,ʃ,rz
1329,meɪld,1,5,CVVCC,False,True,CVC,eɪ,m,ld
1330,pɑrk,1,4,CVCC,False,False,CVC,ɑ,p,rk
1331,frɔst,1,5,CCVCC,False,False,CVC,ɔ,fr,st
1332,strim,1,5,CCCVC,True,False,CVC,i,str,m
1333,bræntʃ,1,6,CCVCCC,True,False,CVC,æ,br,ntʃ
1334,waɪt,1,4,CVVC,False,True,CVC,aɪ,w,t
1335,hauərz,1,6,CVVVCC,False,True,CVC,auə,h,rz
1336,swɛt,1,4,CCVC,False,False,CVC,ɛ,sw,t
1337,hɛmp,1,4,CVCC,False,False,CVC,ɛ,h,mp
1338,wɜrs,1,4,CVCC,False,False,CVC,ɜ,w,rs
1339,fleɪm,1,5,CCVVC,False,True,CVC,eɪ,fl,m
1340,prɪnts,1,6,CCVCCC,True,False,CVC,ɪ,pr,nts
1341,daɪs,1,4,CVVC,False,True,CVC,aɪ,d,s
1342,hɪp,1,3,CVC,False,False,CVC,ɪ,h,p
1343,spæt,1,4,CCVC,False,False,CVC,æ,sp,t
1344,dʒæŋ,1,4,CCVC,False,False,CVC,æ,dʒ,ŋ
1345,ru,1,2,CV,False,False,CV,u,r,
1346,fɔrmz,1,5,CVCCC,True,False,CVC,ɔ,f,rmz
1347,lz,1,2,CC,False,False,C,,,
1348,plʌk,1,4,CCVC,False,False,CVC,ʌ,pl,k
1349,blʌʃt,1,5,CCVCC,False,False,CVC,ʌ,bl,ʃt
1350,dɛns,1,4,CVCC,False,False,CVC,ɛ,d,ns
1351,ɔrd,1,3,VCC,False,False,VC,ɔ,,rd
1352,θɜr,1,3,CVC,False,False,CVC,ɜ,θ,r
1353,θɪs,1,3,CVC,False,False,CVC,ɪ,θ,s
1354,hɛv,1,3,CVC,False,False,CVC,ɛ,h,v
1355,ðoʊz,1,4,CVVC,False,True,CVC,oʊ,ð,z
1356,gɛts,1,4,CVCC,False,False,CVC,ɛ,g,ts
1357,feɪk,1,4,CVVC,False,True,CVC,eɪ,f,k
1358,kɛpt,1,4,CVCC,False,False,CVC,ɛ,k,pt
1359,bɔɪ,1,3,CVV,False,True,CV,ɔɪ,b,
1360,fænz,1,4,CVCC,False,False,CVC,æ,f,nz
1361,mɑrtʃ,1,5,CVCCC,True,False,CVC,ɑ,m,rtʃ
1362,naɪt,1,4,CVVC,False,True,CVC,aɪ,n,t
1363,dɑrt,1,4,CVCC,False,False,CVC,ɑ,d,rt
1364,pɪŋ,1,3,CVC,False,False,CVC,ɪ,p,ŋ
1365,vi,1,2,CV,False,False,CV,i,v,
1366,tɛnθ,1,4,CVCC,False,False,CVC,ɛ,t,nθ
1367,bɑrn,1,4,CVCC,False,False,CVC,ɑ,b,rn
1368,brænd,1,5,CCVCC,False,False,CVC,æ,br,nd
1369,klin,1,4,CCVC,False,False,CVC,i,kl,n
1370,dʒəkt,1,5,CCVCC,False,False,CVC,ə,dʒ,kt
1371,ʃuz,1,3,CVC,False,False,CVC,u,ʃ,z
1372,θɪŋz,1,4,CVCC,False,False,CVC,ɪ,θ,ŋz
1373,hɔlt,1,4,CVCC,False,False,CVC,ɔ,h,lt
1374,lɛd,1,3,CVC,False,False,CVC,ɛ,l,d
1375,ʃeɪ,1,3,CVV,False,True,CV,eɪ,ʃ,
1376,hæt,1,3,CVC,False,False,CVC,æ,h,t
1377,swit,1,4,CCVC,False,False,CVC,i,sw,t
1378,skɔr,1,4,CCVC,False,False,CVC,ɔ,sk,r
1379,θif,1,3,CVC,False,False,CVC,i,θ,f
1380,steɪl,1,5,CCVVC,False,True,CVC,eɪ,st,l
1381,koʊks,1,5,CVVCC,False,True,CVC,oʊ,k,ks
1382,peɪl,1,4,CVVC,False,True,CVC,eɪ,p,l
1383,gɪft,1,4,CVCC,False,False,CVC,ɪ,g,ft
1384,stʌf,1,4,CCVC,False,False,CVC,ʌ,st,f
1385,daʊt,1,4,CVVC,False,True,CVC,aʊ,d,t
1386,væt,1,3,CVC,False,False,CVC,æ,v,t
1387,naʊ,1,3,CVV,False,True,CV,aʊ,n,
1388,heɪl,1,4,CVVC,False,True,CVC,eɪ,h,l
1389,kraʊtʃ,1,6,CCVVCC,False,True,CVC,aʊ,kr,tʃ
1390,ʃɔrt,1,4,CVCC,False,False,CVC,ɔ,ʃ,rt
1391,dɪkt,1,4,CVCC,False,False,CVC,ɪ,d,kt
1392,tʃər,1,4,CCVC,False,False,CVC,ə,tʃ,r
1393,stɛps,1,5,CCVCC,False,False,CVC,ɛ,st,ps
1394,wid,1,3,CVC,False,False,CVC,i,w,d
1395,ʃoʊ,1,3,CVV,False,True,CV,oʊ,ʃ,
1396,wʊm,1,3,CVC,False,False,CVC,ʊ,w,m
1397,θri,1,3,CCV,False,False,CV,i,θr,
1398,kleɪ,1,4,CCVV,False,True,CV,eɪ,kl,
1399,rif,1,3,CVC,False,False,CVC,i,r,f
1400,mənz,1,4,CVCC,False,False,CVC,ə,m,nz
1401,fid,1,3,CVC,False,False,CVC,i,f,d
1402,ɪks,1,3,VCC,False,False,VC,ɪ,,ks
1403,sæʃ,1,3,CVC,False,False,CVC,æ,s,ʃ
1404,fud,1,3,CVC,False,False,CVC,u,f,d
1405,rʌm,1,3,CVC,False,False,CVC,ʌ,r,m
1406,dɜrt,1,4,CVCC,False,False,CVC,ɜ,d,rt
1407,pænts,1,5,CVCCC,True,False,CVC,æ,p,nts
1408,rʌʃ,1,3,CVC,False,False,CVC,ʌ,r,ʃ
1409,lɔs,1,3,CVC,False,False,CVC,ɔ,l,s
1410,skul,1,4,CCVC,False,False,CVC,u,sk,l
1411,swɪŋ,1,4,CCVC,False,False,CVC,ɪ,sw,ŋ
1412,əv,1,2,VC,False,False,VC,ə,,v
1413,laɪvz,1,5,CVVCC,False,True,CVC,aɪ,l,vz
1414,lɛt,1,3,CVC,False,False,CVC,ɛ,l,t
1415,aɪz,1,3,VVC,False,True,VC,aɪ,,z
1416,noʊt,1,4,CVVC,False,True,CVC,oʊ,n,t
1417,klʌb,1,4,CCVC,False,False,CVC,ʌ,kl,b
1418,mɪl,1,3,CVC,False,False,CVC,ɪ,m,l
1419,ʃənt,1,4,CVCC,False,False,CVC,ə,ʃ,nt
1420,maɪld,1,5,CVVCC,False,True,CVC,aɪ,m,ld
1421,wit,1,3,CVC,False,False,CVC,i,w,t
1422,leɪk,1,4,CVVC,False,True,CVC,eɪ,l,k
1423,baɪk,1,4,CVVC,False,True,CVC,aɪ,b,k
1424,kræʃ,1,4,CCVC,False,False,CVC,æ,kr,ʃ
1425,wiv,1,3,CVC,False,False,CVC,i,w,v
1426,yərz,1,4,VVCC,False,True,VC,yə,,rz
1427,smɑrt,1,5,CCVCC,False,False,CVC,ɑ,sm,rt
1428,ɑrm,1,3,VCC,False,False,VC,ɑ,,rm
1429,breɪk,1,5,CCVVC,False,True,CVC,eɪ,br,k
1430,wɜrst,1,5,CVCCC,True,False,CVC,ɜ,w,rst
1431,skrætʃ,1,6,CCCVCC,True,False,CVC,æ,skr,tʃ
1432,yɪərz,1,5,VVVCC,False,True,VC,yɪə,,rz
1433,noʊd,1,4,CVVC,False,True,CVC,oʊ,n,d
1434,ɪtʃ,1,3,VCC,False,False,VC,ɪ,,tʃ
1435,spɑr,1,4,CCVC,False,False,CVC,ɑ,sp,r
1436,lɪst,1,4,CVCC,False,False,CVC,ɪ,l,st
1437,ɛls,1,3,VCC,False,False,VC,ɛ,,ls
1438,bɛntʃ,1,5,CVCCC,True,False,CVC,ɛ,b,ntʃ
1439,fɪgz,1,4,CVCC,False,False,CVC,ɪ,f,gz
1440,flɔ,1,3,CCV,False,False,CV,ɔ,fl,
1441,veɪd,1,4,CVVC,False,True,CVC,eɪ,v,d
1442,strɔ,1,4,CCCV,True,False,CV,ɔ,str,
1443,oʊz,1,3,VVC,False,True,VC,oʊ,,z
1444,mu,1,2,CV,False,False,CV,u,m,
1445,eɪn,1,3,VVC,False,True,VC,eɪ,,n
1446,hoʊp,1,4,CVVC,False,True,CVC,oʊ,h,p
1447,yu,1,2,VV,False,True,V,yu,,
1448,veɪs,1,4,CVVC,False,True,CVC,eɪ,v,s
1449,fɛd,1,3,CVC,False,False,CVC,ɛ,f,d
1450,dʒɔɪn,1,5,CCVVC,False,True,CVC,ɔɪ,dʒ,n
1451,flit,1,4,CCVC,False,False,CVC,i,fl,t
1452,skulz,1,5,CCVCC,False,False,CVC,u,sk,lz
1453,dʒɛnt,1,5,CCVCC,False,False,CVC,ɛ,dʒ,nt
1454,haʊs,1,4,CVVC,False,True,CVC,aʊ,h,s
1455,dʒərz,1,5,CCVCC,False,False,CVC,ə,dʒ,rz
1456,væmp,1,4,CVCC,False,False,CVC,æ,v,mp
1457,haɪnd,1,5,CVVCC,False,True,CVC,aɪ,h,nd
1458,drɪl,1,4,CCVC,False,False,CVC,ɪ,dr,l
1459,tub,1,3,CVC,False,False,CVC,u,t,b
1460,flaʊ,1,4,CCVV,False,True,CV,aʊ,fl,
1461,bɔɪz,1,4,CVVC,False,True,CVC,ɔɪ,b,z
1462,krækt,1,5,CCVCC,False,False,CVC,æ,kr,kt
1463,slæŋ,1,4,CCVC,False,False,CVC,æ,sl,ŋ
1464,prɛs,1,4,CCVC,False,False,CVC,ɛ,pr,s
1465,weɪk,1,4,CVVC,False,True,CVC,eɪ,w,k
1466,plʌs,1,4,CCVC,False,False,CVC,ʌ,pl,s
1467,nɛt,1,3,CVC,False,False,CVC,ɛ,n,t
1468,wʌns,1,4,CVCC,False,False,CVC,ʌ,w,ns
1469,bleɪdz,1,6,CCVVCC,False,True,CVC,eɪ,bl,dz
1470,klaʊnz,1,6,CCVVCC,False,True,CVC,aʊ,kl,nz
1471,rɪŋ,1,3,CVC,False,False,CVC,ɪ,r,ŋ
1472,spɛər,1,5,CCVVC,False,True,CVC,ɛə,sp,r
1473,ædz,1,3,VCC,False,False,VC,æ,,dz
1474,laɪt,1,4,CVVC,False,True,CVC,aɪ,l,t
1475,dʒʌdʒ,1,5,CCVCC,False,False,CVC,ʌ,dʒ,dʒ
1476,poʊtʃt,1,6,CVVCCC,True,True,CVC,oʊ,p,tʃt
1477,baʊt,1,4,CVVC,False,True,CVC,aʊ,b,t
1478,bɪd,1,3,CVC,False,False,CVC,ɪ,b,d
1479,doʊ,1,3,CVV,False,True,CV,oʊ,d,
1480,hu,1,2,CV,False,False,CV,u,h,
1481,gɪv,1,3,CVC,False,False,CVC,ɪ,g,v
1482,sleɪt,1,5,CCVVC,False,True,CVC,eɪ,sl,t
1483,ʃoʊn,1,4,CVVC,False,True,CVC,oʊ,ʃ,n
1484,yər,1,3,VVC,False,True,VC,yə,,r
1485,stɪf,1,4,CCVC,False,False,CVC,ɪ,st,f
1486,pɑθ,1,3,CVC,False,False,CVC,ɑ,p,θ
1487,wɪf,1,3,CVC,False,False,CVC,ɪ,w,f
1488,mæp,1,3,CVC,False,False,CVC,æ,m,p
1489,pɑst,1,4,CVCC,False,False,CVC,ɑ,p,st
1490,swɒpt,1,5,CCVCC,False,False,CVC,ɒ,sw,pt
1491,dʒus,1,4,CCVC,False,False,CVC,u,dʒ,s
1492,dʒɔɪ,1,4,CCVV,False,True,CV,ɔɪ,dʒ,
1493,mi,1,2,CV,False,False,CV,i,m,
1494,fildz,1,5,CVCCC,True,False,CVC,i,f,ldz
1495,waɪd,1,4,CVVC,False,True,CVC,aɪ,w,d
1496,doʊnt,1,5,CVVCC,False,True,CVC,oʊ,d,nt
1497,prɛst,1,5,CCVCC,False,False,CVC,ɛ,pr,st
1498,hɛlθ,1,4,CVCC,False,False,CVC,ɛ,h,lθ
1499,soʊk,1,4,CVVC,False,True,CVC,oʊ,s,k
1500,peɪd,1,4,CVVC,False,True,CVC,eɪ,p,d
1501,trɒp,1,4,CCVC,False,False,CVC,ɒ,tr,p
1502,droʊv,1,5,CCVVC,False,True,CVC,oʊ,dr,v
1503,tʌsk,1,4,CVCC,False,False,CVC,ʌ,t,sk
1504,fɪkt,1,4,CVCC,False,False,CVC,ɪ,f,kt
1505,træm,1,4,CCVC,False,False,CVC,æ,tr,m
1506,kɑrd,1,4,CVCC,False,False,CVC,ɑ,k,rd
1507,veɪn,1,4,CVVC,False,True,CVC,eɪ,v,n
1508,faɪd,1,4,CVVC,False,True,CVC,aɪ,f,d
1509,pɪtʃ,1,4,CVCC,False,False,CVC,ɪ,p,tʃ
1510,fyu,1,3,CVV,False,True,CV,yu,f,
1511,cloʊz,1,5,CCVVC,False,True,CVC,oʊ,cl,z
1512,kæts,1,4,CVCC,False,False,CVC,æ,k,ts
1513,slɪpt,1,5,CCVCC,False,False,CVC,ɪ,sl,pt
1514,yɪər,1,4,VVVC,False,True,VC,yɪə,,r
1515,oʊn,1,3,VVC,False,True,VC,oʊ,,n
1516,swɒn,1,4,CCVC,False,False,CVC,ɒ,sw,n
1517,kɔɪn,1,4,CVVC,False,True,CVC,ɔɪ,k,n
1518,draɪ,1,4,CCVV,False,True,CV,aɪ,dr,
1519,sɛd,1,3,CVC,False,False,CVC,ɛ,s,d
1520,hætʃ,1,4,CVCC,False,False,CVC,æ,h,tʃ
1521,kraʊ,1,4,CCVV,False,True,CV,aʊ,kr,
1522,gʊd,1,3,CVC,False,False,CVC,ʊ,g,d
1523,rʌst,1,4,CVCC,False,False,CVC,ʌ,r,st
1524,sizd,1,4,CVCC,False,False,CVC,i,s,zd
1525,myu,1,3,CVV,False,True,CV,yu,m,
1526,naɪn,1,4,CVVC,False,True,CVC,aɪ,n,n
1527,pɒd,1,3,CVC,False,False,CVC,ɒ,p,d
1528,ʰwɪs,1,4,CCVC,False,False,CVC,ɪ,ʰw,s
1529,lɪmp,1,4,CVCC,False,False,CVC,ɪ,l,mp
1530,reɪdʒ,1,5,CVVCC,False,True,CVC,eɪ,r,dʒ
1531,ʃip,1,3,CVC,False,False,CVC,i,ʃ,p
1532,hoʊz,1,4,CVVC,False,True,CVC,oʊ,h,z
1533,ræn,1,3,CVC,False,False,CVC,æ,r,n
1534,lɛɪ,1,3,CVV,False,True,CV,ɛɪ,l,
1535,θifs,1,4,CVCC,False,False,CVC,i,θ,fs
1536,rɒks,1,4,CVCC,False,False,CVC,ɒ,r,ks
1537,ʃrʌbz,1,5,CCVCC,False,False,CVC,ʌ,ʃr,bz
1538,prɒmpt,1,6,CCVCCC,True,False,CVC,ɒ,pr,mpt
1539,bərz,1,4,CVCC,False,False,CVC,ə,b,rz
1540,tʃæp,1,4,CCVC,False,False,CVC,æ,tʃ,p
1541,kyu,1,3,CVV,False,True,CV,yu,k,
1542,strit,1,5,CCCVC,True,False,CVC,i,str,t
1543,kænd,1,4,CVCC,False,False,CVC,æ,k,nd
1544,æsks,1,4,VCCC,True,False,VC,æ,,sks
1545,ɜrdʒ,1,4,VCCC,True,False,VC,ɜ,,rdʒ
1546,θɪk,1,3,CVC,False,False,CVC,ɪ,θ,k
1547,prə,1,3,CCV,False,False,CV,ə,pr,
1548,tɪər,1,4,CVVC,False,True,CVC,ɪə,t,r
1549,rɪər,1,4,CVVC,False,True,CVC,ɪə,r,r
1550,steɪdʒ,1,6,CCVVCC,False,True,CVC,eɪ,st,dʒ
1551,toʊd,1,4,CVVC,False,True,CVC,oʊ,t,d
1552,aʊ,1,2,VV,False,True,V,aʊ,,
1553,rægz,1,4,CVCC,False,False,CVC,æ,r,gz
1554,duk,1,3,CVC,False,False,CVC,u,d,k
1555,brɪm,1,4,CCVC,False,False,CVC,ɪ,br,m
1556,stʌft,1,5,CCVCC,False,False,CVC,ʌ,st,ft
1557,wiks,1,4,CVCC,False,False,CVC,i,w,ks
1558,flæʃ,1,4,CCVC,False,False,CVC,æ,fl,ʃ
1559,hɪl,1,3,CVC,False,False,CVC,ɪ,h,l
1560,leɪð,1,4,CVVC,False,True,CVC,eɪ,l,ð
1561,bɜrnd,1,5,CVCCC,True,False,CVC,ɜ,b,rnd
1562,zər,1,3,CVC,False,False,CVC,ə,z,r
1563,dʒæk,1,4,CCVC,False,False,CVC,æ,dʒ,k
1564,hɪlt,1,4,CVCC,False,False,CVC,ɪ,h,lt
1565,bitʃ,1,4,CVCC,False,False,CVC,i,b,tʃ
1566,rɛst,1,4,CVCC,False,False,CVC,ɛ,r,st
1567,freɪz,1,5,CCVVC,False,True,CVC,eɪ,fr,z
1568,stɪks,1,5,CCVCC,False,False,CVC,ɪ,st,ks
1569,teɪlz,1,5,CVVCC,False,True,CVC,eɪ,t,lz
1570,θrɛʃ,1,4,CCVC,False,False,CVC,ɛ,θr,ʃ
1571,sidʒ,1,4,CVCC,False,False,CVC,i,s,dʒ
1572,snɪp,1,4,CCVC,False,False,CVC,ɪ,sn,p
1573,mɪns,1,4,CVCC,False,False,CVC,ɪ,m,ns
1574,lʌk,1,3,CVC,False,False,CVC,ʌ,l,k
1575,lʊər,1,4,CVVC,False,True,CVC,ʊə,l,r
1576,ɛg,1,2,VC,False,False,VC,ɛ,,g
1577,lɑrm,1,4,CVCC,False,False,CVC,ɑ,l,rm
1578,stoʊn,1,5,CCVVC,False,True,CVC,oʊ,st,n
1579,aɪs,1,3,VVC,False,True,VC,aɪ,,s
1580,saʊnd,1,5,CVVCC,False,True,CVC,aʊ,s,nd
1581,ɛndz,1,4,VCCC,True,False,VC,ɛ,,ndz
1582,wɪndz,1,5,CVCCC,True,False,CVC,ɪ,w,ndz
1583,rɒd,1,3,CVC,False,False,CVC,ɒ,r,d
1584,θɜrst,1,5,CVCCC,True,False,CVC,ɜ,θ,rst
1585,minz,1,4,CVCC,False,False,CVC,i,m,nz
1586,zoʊnz,1,5,CVVCC,False,True,CVC,oʊ,z,nz
1587,groʊz,1,5,CCVVC,False,True,CVC,oʊ,gr,z
1588,nʌf,1,3,CVC,False,False,CVC,ʌ,n,f
1589,sin,1,3,CVC,False,False,CVC,i,s,n
1590,wɪt,1,3,CVC,False,False,CVC,ɪ,w,t
1591,θi,1,2,CV,False,False,CV,i,θ,
1592,speɪs,1,5,CCVVC,False,True,CVC,eɪ,sp,s
1593,kɔrn,1,4,CVCC,False,False,CVC,ɔ,k,rn
1594,bʌn,1,3,CVC,False,False,CVC,ʌ,b,n
1595,kip,1,3,CVC,False,False,CVC,i,k,p
1596,kɔrk,1,4,CVCC,False,False,CVC,ɔ,k,rk
1597,bæŋk,1,4,CVCC,False,False,CVC,æ,b,ŋk
1598,hɛld,1,4,CVCC,False,False,CVC,ɛ,h,ld
1599,dɑrk,1,4,CVCC,False,False,CVC,ɑ,d,rk
1600,daɪmz,1,5,CVVCC,False,True,CVC,aɪ,d,mz
1601,traɪ,1,4,CCVV,False,True,CV,aɪ,tr,
1602,lɛts,1,4,CVCC,False,False,CVC,ɛ,l,ts
1603,flɔr,1,4,CCVC,False,False,CVC,ɔ,fl,r
1604,swæm,1,4,CCVC,False,False,CVC,æ,sw,m
1605,krɪts,1,5,CCVCC,False,False,CVC,ɪ,kr,ts
1606,kɔl,1,3,CVC,False,False,CVC,ɔ,k,l
1607,wərd,1,4,CVCC,False,False,CVC,ə,w,rd
1608,tɛnt,1,4,CVCC,False,False,CVC,ɛ,t,nt
1609,ʃaɪ,1,3,CVV,False,True,CV,aɪ,ʃ,
1610,glɛər,1,5,CCVVC,False,True,CVC,ɛə,gl,r
1611,nɔd,1,3,CVC,False,False,CVC,ɔ,n,d
1612,spoɪlz,1,6,CCVVCC,False,True,CVC,oɪ,sp,lz
1613,sidz,1,4,CVCC,False,False,CVC,i,s,dz
1614,wɛnt,1,4,CVCC,False,False,CVC,ɛ,w,nt
1615,oʊts,1,4,VVCC,False,True,VC,oʊ,,ts
1616,nidz,1,4,CVCC,False,False,CVC,i,n,dz
1617,sɪlk,1,4,CVCC,False,False,CVC,ɪ,s,lk
1618,oʊk,1,3,VVC,False,True,VC,oʊ,,k
1619,leɪs,1,4,CVVC,False,True,CVC,eɪ,l,s
1620,sʌtʃ,1,4,CVCC,False,False,CVC,ʌ,s,tʃ
1621,freɪl,1,5,CCVVC,False,True,CVC,eɪ,fr,l
1622,rɛk,1,3,CVC,False,False,CVC,ɛ,r,k
1623,mərz,1,4,CVCC,False,False,CVC,ə,m,rz
1624,fʊl,1,3,CVC,False,False,CVC,ʊ,f,l
1625,kips,1,4,CVCC,False,False,CVC,i,k,ps
1626,meɪn,1,4,CVVC,False,True,CVC,eɪ,m,n
1627,toʊnz,1,5,CVVCC,False,True,CVC,oʊ,t,nz
1628,mɒb,1,3,CVC,False,False,CVC,ɒ,m,b
1629,bæg,1,3,CVC,False,False,CVC,æ,b,g
1630,kəs,1,3,CVC,False,False,CVC,ə,k,s
1631,mɛnd,1,4,CVCC,False,False,CVC,ɛ,m,nd
1632,goʊz,1,4,CVVC,False,True,CVC,oʊ,g,z
1633,fʌndz,1,5,CVCCC,True,False,CVC,ʌ,f,ndz
1634,kɪŋz,1,4,CVCC,False,False,CVC,ɪ,k,ŋz
1635,strə,1,4,CCCV,True,False,CV,ə,str,
1636,sɪt,1,3,CVC,False,False,CVC,ɪ,s,t
1637,təm,1,3,CVC,False,False,CVC,ə,t,m
1638,tʌtʃ,1,4,CVCC,False,False,CVC,ʌ,t,tʃ
1639,blaɪnd,1,6,CCVVCC,False,True,CVC,aɪ,bl,nd
1640,oʊt,1,3,VVC,False,True,VC,oʊ,,t
1641,lɪʃ,1,3,CVC,False,False,CVC,ɪ,l,ʃ
1642,froʊ,1,4,CCVV,False,True,CV,oʊ,fr,
1643,hæz,1,3,CVC,False,False,CVC,æ,h,z
1644,mɪd,1,3,CVC,False,False,CVC,ɪ,m,d
1645,gɜrl,1,4,CVCC,False,False,CVC,ɜ,g,rl
1646,sɔlt,1,4,CVCC,False,False,CVC,ɔ,s,lt
1647,haɪks,1,5,CVVCC,False,True,CVC,aɪ,h,ks
1648,buz,1,3,CVC,False,False,CVC,u,b,z
1649,hoʊld,1,5,CVVCC,False,True,CVC,oʊ,h,ld
1650,kaʊ,1,3,CVV,False,True,CV,aʊ,k,
1651,baɪndz,1,6,CVVCCC,True,True,CVC,aɪ,b,ndz
1652,kaɪndz,1,6,CVVCCC,True,True,CVC,aɪ,k,ndz
1653,ɪk,1,2,VC,False,False,VC,ɪ,,k
1654,sænd,1,4,CVCC,False,False,CVC,æ,s,nd
1655,stɛmz,1,5,CCVCC,False,False,CVC,ɛ,st,mz
1656,hoʊlz,1,5,CVVCC,False,True,CVC,oʊ,h,lz
1657,splɪt,1,5,CCCVC,True,False,CVC,ɪ,spl,t
1658,sɪm,1,3,CVC,False,False,CVC,ɪ,s,m
1659,kən,1,3,CVC,False,False,CVC,ə,k,n
1660,'tʃeɪndʒ,1,8,CCCVVCCC,True,True,CVC,eɪ,'tʃ,ndʒ
1661,ʃɪm,1,3,CVC,False,False,CVC,ɪ,ʃ,m
1662,dʒun,1,4,CCVC,False,False,CVC,u,dʒ,n
1663,smæt,1,4,CCVC,False,False,CVC,æ,sm,t
1664,stoʊl,1,5,CCVVC,False,True,CVC,oʊ,st,l
1665,bloʊn,1,5,CCVVC,False,True,CVC,oʊ,bl,n
1666,bɪg,1,3,CVC,False,False,CVC,ɪ,b,g
1667,lɔg,1,3,CVC,False,False,CVC,ɔ,l,g
1668,geɪt,1,4,CVVC,False,True,CVC,eɪ,g,t
1669,kyʊərd,1,6,CVVVCC,False,True,CVC,yʊə,k,rd
1670,bær,1,3,CVC,False,False,CVC,æ,b,r
1671,pyʊər,1,5,CVVVC,False,True,CVC,yʊə,p,r
1672,'aɪ,1,3,CVV,False,True,CV,aɪ,',
1673,bæks,1,4,CVCC,False,False,CVC,æ,b,ks
1674,læst,1,4,CVCC,False,False,CVC,æ,l,st
1675,ðən,1,3,CVC,False,False,CVC,ə,ð,n
1676,smaɪl,1,5,CCVVC,False,True,CVC,aɪ,sm,l
1677,rɪŋz,1,4,CVCC,False,False,CVC,ɪ,r,ŋz
1678,'ai,1,3,CVV,False,True,CV,ai,',
1679,səm,1,3,CVC,False,False,CVC,ə,s,m
1680,kɑrt,1,4,CVCC,False,False,CVC,ɑ,k,rt
1681,zɪk,1,3,CVC,False,False,CVC,ɪ,z,k
1682,muvd,1,4,CVCC,False,False,CVC,u,m,vd
1683,ɪndʒ,1,4,VCCC,True,False,VC,ɪ,,ndʒ
1684,klɛnz,1,5,CCVCC,False,False,CVC,ɛ,kl,nz
1685,sɛk,1,3,CVC,False,False,CVC,ɛ,s,k
1686,kʌp,1,3,CVC,False,False,CVC,ʌ,k,p
1687,gloʊ,1,4,CCVV,False,True,CV,oʊ,gl,
1688,bɑrk,1,4,CVCC,False,False,CVC,ɑ,b,rk
1689,neɪmz,1,5,CVVCC,False,True,CVC,eɪ,n,mz
1690,'ɒb,1,3,CVC,False,False,CVC,ɒ,',b
1691,tɪd,1,3,CVC,False,False,CVC,ɪ,t,d
1692,stɔld,1,5,CCVCC,False,False,CVC,ɔ,st,ld
1693,fɔlts,1,5,CVCCC,True,False,CVC,ɔ,f,lts
1694,loʊbz,1,5,CVVCC,False,True,CVC,oʊ,l,bz
1695,ræk,1,3,CVC,False,False,CVC,æ,r,k
1696,glɒs,1,4,CCVC,False,False,CVC,ɒ,gl,s
1697,wɜrdz,1,5,CVCCC,True,False,CVC,ɜ,w,rdz
1698,æf,1,2,VC,False,False,VC,æ,,f
1699,frʌnt,1,5,CCVCC,False,False,CVC,ʌ,fr,nt
1700,trɒt,1,4,CCVC,False,False,CVC,ɒ,tr,t
1701,wild,1,4,CVCC,False,False,CVC,i,w,ld
1702,wæg,1,3,CVC,False,False,CVC,æ,w,g
1703,tʃɛər,1,5,CCVVC,False,True,CVC,ɛə,tʃ,r
1704,vɜrs,1,4,CVCC,False,False,CVC,ɜ,v,rs
1705,pɛp,1,3,CVC,False,False,CVC,ɛ,p,p
1706,kæf,1,3,CVC,False,False,CVC,æ,k,f
1707,dʒæz,1,4,CCVC,False,False,CVC,æ,dʒ,z
1708,lætʃ,1,4,CVCC,False,False,CVC,æ,l,tʃ
1709,iv,1,2,VC,False,False,VC,i,,v
1710,dʌks,1,4,CVCC,False,False,CVC,ʌ,d,ks
1711,tʃɛərz,1,6,CCVVCC,False,True,CVC,ɛə,tʃ,rz
1712,smuð,1,4,CCVC,False,False,CVC,u,sm,ð
1713,geɪv,1,4,CVVC,False,True,CVC,eɪ,g,v
1714,nɪər,1,4,CVVC,False,True,CVC,ɪə,n,r
1715,ʃoʊl,1,4,CVVC,False,True,CVC,oʊ,ʃ,l
1716,pɒt,1,3,CVC,False,False,CVC,ɒ,p,t
1717,krɒs,1,4,CCVC,False,False,CVC,ɒ,kr,s
1718,skut,1,4,CCVC,False,False,CVC,u,sk,t
1719,boʊld,1,5,CVVCC,False,True,CVC,oʊ,b,ld
1720,plɛʒ,1,4,CCVC,False,False,CVC,ɛ,pl,ʒ
1721,ʃoʊd,1,4,CVVC,False,True,CVC,oʊ,ʃ,d
1722,fæst,1,4,CVCC,False,False,CVC,æ,f,st
1723,bəlz,1,4,CVCC,False,False,CVC,ə,b,lz
1724,sæŋk,1,4,CVCC,False,False,CVC,æ,s,ŋk
1725,tʃɪk,1,4,CCVC,False,False,CVC,ɪ,tʃ,k
1726,pik,1,3,CVC,False,False,CVC,i,p,k
1727,wʊdz,1,4,CVCC,False,False,CVC,ʊ,w,dz
1728,pɒdz,1,4,CVCC,False,False,CVC,ɒ,p,dz
1729,frɛʃ,1,4,CCVC,False,False,CVC,ɛ,fr,ʃ
1730,woʊ,1,3,CVV,False,True,CV,oʊ,w,
1731,peɪst,1,5,CVVCC,False,True,CVC,eɪ,p,st
1732,feɪld,1,5,CVVCC,False,True,CVC,eɪ,f,ld
1733,hæŋ,1,3,CVC,False,False,CVC,æ,h,ŋ
1734,fraɪ,1,4,CCVV,False,True,CV,aɪ,fr,
1735,seɪ,1,3,CVV,False,True,CV,eɪ,s,
1736,plid,1,4,CCVC,False,False,CVC,i,pl,d
1737,bʌs,1,3,CVC,False,False,CVC,ʌ,b,s
1738,pit,1,3,CVC,False,False,CVC,i,p,t
1739,dɒts,1,4,CVCC,False,False,CVC,ɒ,d,ts
1740,hɔrs,1,4,CVCC,False,False,CVC,ɔ,h,rs
1741,glɑs,1,4,CCVC,False,False,CVC,ɑ,gl,s
1742,tʃaɪldz,1,7,CCVVCCC,True,True,CVC,aɪ,tʃ,ldz
1743,dæm,1,3,CVC,False,False,CVC,æ,d,m
1744,slʌʃ,1,4,CCVC,False,False,CVC,ʌ,sl,ʃ
1745,fɒnd,1,4,CVCC,False,False,CVC,ɒ,f,nd
1746,θɪŋk,1,4,CVCC,False,False,CVC,ɪ,θ,ŋk
1747,pʊts,1,4,CVCC,False,False,CVC,ʊ,p,ts
1748,skræps,1,6,CCCVCC,True,False,CVC,æ,skr,ps
1749,pʊʃt,1,4,CVCC,False,False,CVC,ʊ,p,ʃt
1750,kɔ,1,2,CV,False,False,CV,ɔ,k,
1751,geɪn,1,4,CVVC,False,True,CVC,eɪ,g,n
