,word,syllables,frequency,syll_count,1st_syll,2nd_syll,3rd_syll
0,the,ðə,744,1,ðə,,
1,a,ə,213,1,ə,,
2,of,əv,132,1,əv,,
3,to,tu,123,1,tu,,
4,and,ənd,118,1,ənd,,
5,in,ɪn,87,1,ɪn,,
6,is,ɪz,81,1,ɪz,,
7,was,wəz,67,1,wəz,,
8,on,ɒn,59,1,ɒn,,
9,with,wɪð,52,1,wɪð,,
10,it,ɪt,36,1,ɪt,,
11,for,fər,35,1,fər,,
12,he,hi,34,1,hi,,
13,from,frəm,29,1,frəm,,
14,will,wɪl,29,1,wɪl,,
15,are,ɑr,29,1,ɑr,,
16,his,hɪz,25,1,hɪz,,
17,we,wi,21,1,wi,,
18,at,æt,20,1,æt,,
19,were,wɜr,18,1,wɜr,,
20,but,bʌt,18,1,bʌt,,
21,into,ɪn tu,17,2,ɪn,tu,
22,that,ðæt,17,1,ðæt,,
23,your,yɔr,16,1,yɔr,,
24,you,yu,16,1,yu,,
25,they,ðeɪ,16,1,ðeɪ,,
26,when,wɛn,15,1,wɛn,,
27,this,ðɪs,14,1,ðɪs,,
28,by,baɪ,13,1,baɪ,,
29,out,aʊt,12,1,aʊt,,
30,than,ðən,12,1,ðən,,
31,be,bi,12,1,bi,,
32,old,oʊld,12,1,oʊld,,
33,there,ðɛər,11,1,ðɛər,,
34,high,haɪ,11,1,haɪ,,
35,red,rɛd,11,1,rɛd,,
36,these,ðiz,10,1,ðiz,,
37,fine,faɪn,10,1,faɪn,,
38,used,yuzd,10,1,yuzd,,
39,small,smɔl,10,1,smɔl,,
40,hot,hɒt,10,1,hɒt,,
41,strong,strɒŋ,10,1,strɒŋ,,
42,new,nyu,10,1,nyu,,
43,green,grin,10,1,grin,,
44,she,ʃi,10,1,ʃi,,
45,up,ʌp,10,1,ʌp,,
46,wall,wɔl,10,1,wɔl,,
47,as,æz,10,1,æz,,
48,down,daʊn,10,1,daʊn,,
49,round,raʊnd,9,1,raʊnd,,
50,makes,meɪks,9,1,meɪks,,
51,hard,hɑrd,9,1,hɑrd,,
52,her,hɜr,9,1,hɜr,,
53,young,yʌŋ,9,1,yʌŋ,,
54,two,tu,9,1,tu,,
55,before,bɪ fɔr,9,2,bɪ,fɔr,
56,way,weɪ,9,1,weɪ,,
57,water,wɔ tər,9,2,wɔ,tər,
58,thin,θɪn,9,1,θɪn,,
59,good,gʊd,9,1,gʊd,,
60,blue,blu,8,1,blu,,
61,take,teɪk,8,1,teɪk,,
62,no,noʊ,8,1,noʊ,,
63,sharp,ʃɑrp,8,1,ʃɑrp,,
64,kept,kɛpt,8,1,kɛpt,,
65,him,hɪm,8,1,hɪm,,
66,both,boʊθ,8,1,boʊθ,,
67,side,saɪd,8,1,saɪd,,
68,dull,dʌl,8,1,dʌl,,
69,each,itʃ,8,1,itʃ,,
70,most,moʊst,8,1,moʊst,,
71,bright,braɪt,8,1,braɪt,,
72,best,bɛst,8,1,bɛst,,
73,last,læst,8,1,læst,,
74,or,ɔr,8,1,ɔr,,
75,gold,goʊld,8,1,goʊld,,
76,box,bɒks,7,1,bɒks,,
77,us,ʌs,7,1,ʌs,,
78,large,lɑrdʒ,7,1,lɑrdʒ,,
79,clear,klɪər,7,1,klɪər,,
80,back,bæk,7,1,bæk,,
81,tea,ti,7,1,ti,,
82,left,lɛft,7,1,lɛft,,
83,wide,waɪd,7,1,waɪd,,
84,road,roʊd,7,1,roʊd,,
85,grass,græs,7,1,græs,,
86,over,oʊ vər,7,2,oʊ,vər,
87,write,raɪt,7,1,raɪt,,
88,more,mɔr,7,1,mɔr,,
89,men,mɛn,7,1,mɛn,,
90,make,meɪk,7,1,meɪk,,
91,brown,braʊn,7,1,braʊn,,
92,its,ɪts,7,1,ɪts,,
93,brass,bræs,7,1,bræs,,
94,top,tɒp,7,1,tɒp,,
95,made,meɪd,7,1,meɪd,,
96,man,mæn,7,1,mæn,,
97,all,ɔl,7,1,ɔl,,
98,now,naʊ,7,1,naʊ,,
99,paper,peɪ pər,7,2,peɪ,pər,
100,night,naɪt,7,1,naɪt,,
101,work,wɜrk,6,1,wɜrk,,
102,boy,bɔɪ,6,1,bɔɪ,,
103,sun,sʌn,6,1,sʌn,,
104,get,gɛt,6,1,gɛt,,
105,girl,gɜrl,6,1,gɜrl,,
106,tall,tɔl,6,1,tɔl,,
107,off,ɔf,6,1,ɔf,,
108,hung,hʌŋ,6,1,hʌŋ,,
109,early,ɜr li,6,2,ɜr,li,
110,ship,ʃɪp,6,1,ʃɪp,,
111,third,θɜrd,6,1,θɜrd,,
112,fence,fɛns,6,1,fɛns,,
113,once,wʌns,6,1,wʌns,,
114,store,stɔr,6,1,stɔr,,
115,air,ɛər,6,1,ɛər,,
116,their,ðɛər,6,1,ðɛər,,
117,cut,kʌt,6,1,kʌt,,
118,set,sɛt,6,1,sɛt,,
119,floor,flɔr,6,1,flɔr,,
120,see,si,6,1,si,,
121,along,ə lɔŋ,6,2,ə,lɔŋ,
122,don't,doʊnt,6,1,doʊnt,,
123,three,θri,6,1,θri,,
124,fire,faɪ,6,1,faɪ,,
125,leaves,livz,6,1,livz,,
126,wind,wɪnd,6,1,wɪnd,,
127,took,tʊk,6,1,tʊk,,
128,have,hæv,6,1,hæv,,
129,white,waɪt,6,1,waɪt,,
130,light,laɪt,6,1,laɪt,,
131,had,hæd,6,1,hæd,,
132,like,laɪk,6,1,laɪk,,
133,our,aʊ,6,1,aʊ,,
134,horse,hɔrs,6,1,hɔrs,,
135,much,mʌtʃ,6,1,mʌtʃ,,
136,takes,teɪks,6,1,teɪks,,
137,many,mɛn i,6,2,mɛn,i,
138,well,wɛl,5,1,wɛl,,
139,days,deɪz,5,1,deɪz,,
140,rare,rɛər,5,1,rɛər,,
141,rose,roʊz,5,1,roʊz,,
142,straight,streɪt,5,1,streɪt,,
143,through,θru,5,1,θru,,
144,pot,pɒt,5,1,pɒt,,
145,lack,læk,5,1,læk,,
146,broke,broʊk,5,1,broʊk,,
147,came,keɪm,5,1,keɪm,,
148,hole,hoʊl,5,1,hoʊl,,
149,coat,koʊt,5,1,koʊt,,
150,cat,kæt,5,1,kæt,,
151,what,wɒt,5,1,wɒt,,
152,show,ʃoʊ,5,1,ʃoʊ,,
153,next,nɛkst,5,1,nɛkst,,
154,lost,lɒst,5,1,lɒst,,
155,first,fɜrst,5,1,fɜrst,,
156,ran,ræn,5,1,ræn,,
157,mark,mɑrk,5,1,mɑrk,,
158,those,ðoʊz,5,1,ðoʊz,,
159,words,wɜrdz,5,1,wɜrdz,,
160,around,ə raʊnd,5,2,ə,raʊnd,
161,worn,wɔrn,5,1,wɔrn,,
162,big,bɪg,5,1,bɪg,,
163,case,keɪs,5,1,keɪs,,
164,door,dɔr,5,1,dɔr,,
165,tight,taɪt,5,1,taɪt,,
166,deep,dip,5,1,dip,,
167,ten,tɛn,5,1,tɛn,,
168,add,æd,5,1,æd,,
169,right,raɪt,5,1,raɪt,,
170,less,lɛs,5,1,lɛs,,
171,can,kæn,5,1,kæn,,
172,just,dʒʌst,5,1,dʒʌst,,
173,desk,dɛsk,5,1,dɛsk,,
174,day,deɪ,5,1,deɪ,,
175,not,nɒt,5,1,nɒt,,
176,fell,fɛl,5,1,fɛl,,
177,child,tʃaɪld,5,1,tʃaɪld,,
178,dog,dɒg,5,1,dɒg,,
179,dry,draɪ,5,1,draɪ,,
180,part,pɑrt,5,1,pɑrt,,
181,house,haʊs,5,1,haʊs,,
182,do,du,5,1,du,,
183,black,blæk,5,1,blæk,,
184,time,taɪm,5,1,taɪm,,
185,cold,koʊld,5,1,koʊld,,
186,smell,smɛl,5,1,smɛl,,
187,needs,nidz,5,1,nidz,,
188,pack,pæk,5,1,pæk,,
189,book,bʊk,5,1,bʊk,,
190,sheet,ʃit,4,1,ʃit,,
191,dark,dɑrk,4,1,dɑrk,,
192,tell,tɛl,4,1,tɛl,,
193,corn,kɔrn,4,1,kɔrn,,
194,spring,sprɪŋ,4,1,sprɪŋ,,
195,help,hɛlp,4,1,hɛlp,,
196,soft,sɔft,4,1,sɔft,,
197,salt,sɔlt,4,1,sɔlt,,
198,fish,fɪʃ,4,1,fɪʃ,,
199,full,fʊl,4,1,fʊl,,
200,same,seɪm,4,1,seɪm,,
201,read,rid,4,1,rid,,
202,home,hoʊm,4,1,hoʊm,,
203,lay,leɪ,4,1,leɪ,,
204,stone,stoʊn,4,1,stoʊn,,
205,fast,fæst,4,1,fæst,,
206,start,stɑrt,4,1,stɑrt,,
207,saw,sɔ,4,1,sɔ,,
208,moved,muvd,4,1,muvd,,
209,sweet,swit,4,1,swit,,
210,struck,strʌk,4,1,strʌk,,
211,edge,ɛdʒ,4,1,ɛdʒ,,
212,while,waɪl,4,1,waɪl,,
213,ink,ɪŋk,4,1,ɪŋk,,
214,town,taʊn,4,1,taʊn,,
215,beat,bit,4,1,bit,,
216,ring,rɪŋ,4,1,rɪŋ,,
217,thick,θɪk,4,1,θɪk,,
218,here,hɪər,4,1,hɪər,,
219,street,strit,4,1,strit,,
220,every,ɛv ri,4,2,ɛv,ri,
221,who,hu,4,1,hu,,
222,friends,frɛndz,4,1,frɛndz,,
223,ripe,raɪp,4,1,raɪp,,
224,taste,teɪst,4,1,teɪst,,
225,act,ækt,4,1,ækt,,
226,great,greɪt,4,1,greɪt,,
227,under,ʌn dər,4,2,ʌn,dər,
228,ice,aɪs,4,1,aɪs,,
229,low,loʊ,4,1,loʊ,,
230,could,kʊd,4,1,kʊd,,
231,bring,brɪŋ,4,1,brɪŋ,,
232,clothes,kloʊðz,4,1,kloʊðz,,
233,bad,bæd,4,1,bæd,,
234,stood,stʊd,4,1,stʊd,,
235,chair,tʃɛər,4,1,tʃɛər,,
236,wood,wʊd,4,1,wʊd,,
237,paint,peɪnt,4,1,peɪnt,,
238,sound,saʊnd,4,1,saʊnd,,
239,cloth,klɔθ,4,1,klɔθ,,
240,should,ʃʊd,4,1,ʃʊd,,
241,fun,fʌn,4,1,fʌn,,
242,serve,sɜrv,4,1,sɜrv,,
243,fly,flaɪ,4,1,flaɪ,,
244,clean,klin,4,1,klin,,
245,bank,bæŋk,4,1,bæŋk,,
246,some,sʌm,4,1,sʌm,,
247,form,fɔrm,4,1,fɔrm,,
248,corner,kɔr nər,4,2,kɔr,nər,
249,dust,dʌst,4,1,dʌst,,
250,end,ɛnd,4,1,ɛnd,,
251,slide,slaɪd,4,1,slaɪd,,
252,needed,ni dɪd,4,2,ni,dɪd,
253,better,bɛt ər,4,2,bɛt,ər,
254,come,kʌm,4,1,kʌm,,
255,little,lɪt l,4,2,lɪt,l,
256,sentences,sɛn təns ɪz,4,3,sɛn,təns,ɪz
257,hold,hoʊld,4,1,hoʊld,,
258,between,bɪ twin,4,2,bɪ,twin,
259,often,ɒf ən,3,2,ɒf,ən,
260,served,sɜrvd,3,1,sɜrvd,,
261,beside,bɪ saɪd,3,2,bɪ,saɪd,
262,steady,stɛd i,3,2,stɛd,i,
263,size,saɪz,3,1,saɪz,,
264,catch,kætʃ,3,1,kætʃ,,
265,pink,pɪŋk,3,1,pɪŋk,,
266,feet,fit,3,1,fit,,
267,flame,fleɪm,3,1,fleɪm,,
268,heat,hit,3,1,hit,,
269,fall,fɔl,3,1,fɔl,,
270,breeze,briz,3,1,briz,,
271,across,ə krɒs,3,2,ə,krɒs,
272,swan,swɒn,3,1,swɒn,,
273,far,fɑr,3,1,fɑr,,
274,short,ʃɔrt,3,1,ʃɔrt,,
275,morning,mɔr nɪŋ,3,2,mɔr,nɪŋ,
276,loud,laʊd,3,1,laʊd,,
277,note,noʊt,3,1,noʊt,,
278,gave,geɪv,3,1,geɪv,,
279,bell,bɛl,3,1,bɛl,,
280,joy,dʒɔɪ,3,1,dʒɔɪ,,
281,torn,tɔrn,3,1,tɔrn,,
282,week,wik,3,1,wik,,
283,square,skwɛər,3,1,skwɛər,,
284,seven,sɛv ən,3,2,sɛv,ən,
285,failed,feɪld,3,1,feɪld,,
286,mouse,maʊs,3,1,maʊs,,
287,march,mɑrtʃ,3,1,mɑrtʃ,,
288,cup,kʌp,3,1,kʌp,,
289,near,nɪər,3,1,nɪər,,
290,pencil,pɛn səl,3,2,pɛn,səl,
291,clock,klɒk,3,1,klɒk,,
292,drifts,drɪfts,3,1,drɪfts,,
293,china,tʃaɪ nə,3,2,tʃaɪ,nə,
294,leave,liv,3,1,liv,,
295,sand,sænd,3,1,sænd,,
296,stain,steɪn,3,1,steɪn,,
297,dried,draɪd,3,1,draɪd,,
298,without,wɪð aʊt,3,2,wɪð,aʊt,
299,pearl,pɜrl,3,1,pɜrl,,
300,fruit,frut,3,1,frut,,
301,hat,hæt,3,1,hæt,,
302,too,tu,3,1,tu,,
303,tried,traɪd,3,1,traɪd,,
304,pie,paɪ,3,1,paɪ,,
305,always,ɔl weɪz,3,2,ɔl,weɪz,
306,barn,bɑrn,3,1,bɑrn,,
307,cloud,klaʊd,3,1,klaʊd,,
308,quite,kwaɪt,3,1,kwaɪt,,
309,boat,boʊt,3,1,boʊt,,
310,stop,stɒp,3,1,stɒp,,
311,gives,gɪvz,3,1,gɪvz,,
312,pipe,paɪp,3,1,paɪp,,
313,open,oʊ pən,3,2,oʊ,pən,
314,glass,glɑs,3,1,glɑs,,
315,crawled,krɔld,3,1,krɔld,,
316,move,muv,3,1,muv,,
317,tree,tri,3,1,tri,,
318,turn,tɜrn,3,1,tɜrn,,
319,quick,kwɪk,3,1,kwɪk,,
320,blow,bloʊ,3,1,bloʊ,,
321,burn,bɜrn,3,1,bɜrn,,
322,carpet,kɑr pɪt,3,2,kɑr,pɪt,
323,found,faʊnd,3,1,faʊnd,,
324,find,faɪnd,3,1,faɪnd,,
325,done,dʌn,3,1,dʌn,,
326,contents,kɒn tɛnts,3,2,kɒn,tɛnts,
327,seen,sin,3,1,sin,,
328,shore,ʃɔr,3,1,ʃɔr,,
329,times,taɪmz,3,1,taɪmz,,
330,free,fri,3,1,fri,,
331,port,pɔrt,3,1,pɔrt,,
332,pure,pyʊər,3,1,pyʊər,,
333,spot,spɒt,3,1,spɒt,,
334,front,frʌnt,3,1,frʌnt,,
335,shirt,ʃɜrt,3,1,ʃɜrt,,
336,burned,bɜrnd,3,1,bɜrnd,,
337,empty,ɛmp ti,3,2,ɛmp,ti,
338,tin,tɪn,3,1,tɪn,,
339,drop,drɒp,3,1,drɒp,,
340,an,ən,3,1,ən,,
341,win,wɪn,3,1,wɪn,,
342,office,ɔ fɪs,3,2,ɔ,fɪs,
343,sad,sæd,3,1,sæd,,
344,tan,tæn,3,1,tæn,,
345,dirt,dɜrt,3,1,dɜrt,,
346,almost,ɔl moʊst,3,2,ɔl,moʊst,
347,sky,skaɪ,3,1,skaɪ,,
348,tales,teɪlz,3,1,teɪlz,,
349,waste,weɪst,3,1,weɪst,,
350,tired,taɪərd,3,1,taɪərd,,
351,put,pʊt,3,1,pʊt,,
352,flood,flʌd,3,1,flʌd,,
353,carved,kɑrvd,3,1,kɑrvd,,
354,head,hɛd,3,1,hɛd,,
355,has,hæz,3,1,hæz,,
356,where,wɛər,3,1,wɛər,,
357,pail,peɪl,3,1,peɪl,,
358,laugh,lɑf,3,1,lɑf,,
359,soap,soʊp,3,1,soʊp,,
360,went,wɛnt,3,1,wɛnt,,
361,wrote,roʊt,3,1,roʊt,,
362,wooden,wʊd ən,3,2,wʊd,ən,
363,covered,kʌv ərd,3,2,kʌv,ərd,
364,may,meɪ,3,1,meɪ,,
365,lead,lid,3,1,lid,,
366,drink,drɪŋk,3,1,drɪŋk,,
367,lamp,læmp,3,1,læmp,,
368,shone,ʃoʊn,3,1,ʃoʊn,,
369,then,ðɛn,3,1,ðɛn,,
370,jerk,dʒɜrk,3,1,dʒɜrk,,
371,rings,rɪŋz,3,1,rɪŋz,,
372,sat,sæt,3,1,sæt,,
373,jump,dʒʌmp,3,1,dʒʌmp,,
374,need,nid,3,1,nid,,
375,built,bɪlt,3,1,bɪlt,,
376,north,nɔrθ,3,1,nɔrθ,,
377,brought,brɔt,3,1,brɔt,,
378,one,wʌn,3,1,wʌn,,
379,room,rum,3,1,rum,,
380,beef,bif,3,1,bif,,
381,stew,styu,3,1,styu,,
382,food,fud,3,1,fud,,
383,cord,kɔrd,3,1,kɔrd,,
384,drive,draɪv,3,1,draɪv,,
385,odor,oʊ dər,3,2,oʊ,dər,
386,screen,skrin,3,1,skrin,,
387,tender,tɛn dər,3,2,tɛn,dər,
388,hands,hændz,3,1,hændz,,
389,watch,wɒtʃ,3,1,wɒtʃ,,
390,if,ɪf,3,1,ɪf,,
391,finish,fɪn ɪʃ,3,2,fɪn,ɪʃ,
392,space,speɪs,3,1,speɪs,,
393,plans,plænz,3,1,plænz,,
394,keep,kip,3,1,kip,,
395,neat,nit,3,1,nit,,
396,bowl,boʊl,3,1,boʊl,,
397,line,laɪn,3,1,laɪn,,
398,beach,bitʃ,3,1,bitʃ,,
399,lines,laɪnz,3,1,laɪnz,,
400,sent,sɛnt,3,1,sɛnt,,
401,children,tʃɪl drən,3,2,tʃɪl,drən,
402,fit,fɪt,3,1,fɪt,,
403,poor,pʊər,3,1,pʊər,,
404,long,lɔŋ,3,1,lɔŋ,,
405,crack,kræk,3,1,kræk,,
406,any,ɛn i,3,2,ɛn,i,
407,five,faɪv,3,1,faɪv,,
408,base,beɪs,3,1,beɪs,,
409,chart,tʃɑrt,3,1,tʃɑrt,,
410,heavy,hɛv i,3,2,hɛv,i,
411,lawn,lɔn,3,1,lɔn,,
412,say,seɪ,3,1,seɪ,,
413,straw,strɔ,3,1,strɔ,,
414,shoe,ʃu,3,1,ʃu,,
415,knife,naɪf,3,1,naɪf,,
416,few,fyu,3,1,fyu,,
417,cover,kʌv ər,3,2,kʌv,ər,
418,wet,wɛt,3,1,wɛt,,
419,cause,kɔz,3,1,kɔz,,
420,comes,kʌmz,3,1,kʌmz,,
421,birch,bɜrtʃ,2,1,bɜrtʃ,,
422,slid,slaɪd,2,1,slaɪd,,
423,smooth,smuð,2,1,smuð,,
424,glue,glu,2,1,glu,,
425,it's,ɪts,2,1,ɪts,,
426,easy,i zi,2,2,i,zi,
427,chicken,tʃɪk ən,2,2,tʃɪk,ən,
428,dish,dɪʃ,2,1,dɪʃ,,
429,rice,raɪs,2,1,raɪs,,
430,juice,dʒus,2,1,dʒus,,
431,punch,pʌntʃ,2,1,pʌntʃ,,
432,chopped,tʃɒpt,2,1,tʃɒpt,,
433,four,fɔr,2,1,fɔr,,
434,hours,hauərz,2,1,hauərz,,
435,sell,sɛl,2,1,sɛl,,
436,source,sɔrs,2,1,sɔrs,,
437,river,rɪv ər,2,2,rɪv,ər,
438,smoky,smoʊ ki,2,2,smoʊ,ki,
439,cushion,kʊʃ ən,2,2,kʊʃ,ən,
440,sea,si,2,1,si,,
441,sold,soʊld,2,1,soʊld,,
442,pup,pʌp,2,1,pʌp,,
443,twisted,twɪst ɪd,2,2,twɪst,ɪd,
444,turned,tɜrnd,2,1,tɜrnd,,
445,bent,bɛnt,2,1,bɛnt,,
446,press,prɛs,2,1,prɛs,,
447,pants,pænts,2,1,pænts,,
448,sew,soʊ,2,1,soʊ,,
449,button,bʌt n,2,2,bʌt,n,
450,vest,vɛst,2,1,vɛst,,
451,beauty,byu ti,2,2,byu,ti,
452,tank,tæŋk,2,1,tæŋk,,
453,useless,yus lɪs,2,2,yus,lɪs,
454,colt,koʊlt,2,1,koʊlt,,
455,threw,θru,2,1,θru,,
456,rider,raɪ dər,2,2,raɪ,dər,
457,hoist,hɔɪst,2,1,hɔɪst,,
458,winding,waɪn dɪŋ,2,2,waɪn,dɪŋ,
459,path,pɑθ,2,1,pɑθ,,
460,reach,ritʃ,2,1,ritʃ,,
461,lake,leɪk,2,1,leɪk,,
462,dirty,dɜr ti,2,2,dɜr,ti,
463,go,goʊ,2,1,goʊ,,
464,limp,lɪmp,2,1,lɪmp,,
465,birth,bɜrθ,2,1,bɜrθ,,
466,rang,ræŋ,2,1,ræŋ,,
467,apart,ə pɑrt,2,2,ə,pɑrt,
468,cool,kul,2,1,kul,,
469,rope,roʊp,2,1,roʊp,,
470,books,bʊks,2,1,bʊks,,
471,friendly,frɛnd li,2,2,frɛnd,li,
472,inside,ɪn'saɪd,2,1,ɪn'saɪd,,
473,crooked,krʊk ɪd,2,2,krʊk,ɪd,
474,making,meɪ kɪŋ,2,2,meɪ,kɪŋ,
475,boards,bɔrdz,2,1,bɔrdz,,
476,soldiers,soʊl dʒərz,2,2,soʊl,dʒərz,
477,past,pɑst,2,1,pɑst,,
478,sugar,ʃʊg ər,2,2,ʃʊg,ər,
479,fudge,fʌdʒ,2,1,fʌdʒ,,
480,place,pleɪs,2,1,pleɪs,,
481,porch,pɔrtʃ,2,1,pɔrtʃ,,
482,storm,stɔrm,2,1,stɔrm,,
483,talked,tɔkt,2,1,tɔkt,,
484,draft,drɑft,2,1,drɑft,,
485,half,hɑf,2,1,hɑf,,
486,field,fild,2,1,fild,,
487,snow,snoʊ,2,1,snoʊ,,
488,crash,kræʃ,2,1,kræʃ,,
489,yacht,yɒt,2,1,yɒt,,
490,point,pɔɪnt,2,1,pɔɪnt,,
491,met,mɛt,2,1,mɛt,,
492,page,peɪdʒ,2,1,peɪdʒ,,
493,seized,sizd,2,1,sizd,,
494,fight,faɪt,2,1,faɪt,,
495,horn,hɔrn,2,1,hɔrn,,
496,sleeping,sli pɪŋ,2,2,sli,pɪŋ,
497,firm,fɜrm,2,1,fɜrm,,
498,silver,sɪl vər,2,2,sɪl,vər,
499,force,fɔrs,2,1,fɔrs,,
500,scared,skɛərd,2,1,skɛərd,,
501,lawyer,lɔ yər,2,2,lɔ,yər,
502,lose,luz,2,1,luz,,
503,post,poʊst,2,1,poʊst,,
504,parts,parts,2,1,parts,,
505,rich,rɪtʃ,2,1,rɪtʃ,,
506,costs,kɔsts,2,1,kɔsts,,
507,eggs,ɛgz,2,1,ɛgz,,
508,play,pleɪ,2,1,pleɪ,,
509,seems,simz,2,1,simz,,
510,late,leɪt,2,1,leɪt,,
511,june,dʒun,2,1,dʒun,,
512,year,yɪər,2,1,yɪər,,
513,costly,kɔst li,2,2,kɔst,li,
514,pins,pɪnz,2,1,pɪnz,,
515,bill,bɪl,2,1,bɪl,,
516,cats,kæts,2,1,kæts,,
517,other,ʌð ər,2,2,ʌð,ər,
518,began,bɪ gæn,2,2,bɪ,gæn,
519,crate,kreɪt,2,1,kreɪt,,
520,break,breɪk,2,1,breɪk,,
521,sum,sʌm,2,1,sʌm,,
522,age,eɪdʒ,2,1,eɪdʒ,,
523,orders,ɔrd ərz,2,2,ɔrd,ərz,
524,pine,paɪn,2,1,paɪn,,
525,yellow,yɛl oʊ,2,2,yɛl,oʊ,
526,waved,weɪvd,2,1,weɪvd,,
527,log,lɔg,2,1,lɔg,,
528,after,æf tər,2,2,æf,tər,
529,logs,lɔgz,2,1,lɔgz,,
530,ordered,ɔr dərd,2,2,ɔr,dərd,
531,score,skɔr,2,1,skɔr,,
532,things,θɪŋz,2,1,θɪŋz,,
533,got,gɒt,2,1,gɒt,,
534,cracked,krækt,2,1,krækt,,
535,spilled,spɪld,2,1,spɪld,,
536,word,wɜrd,2,1,wɜrd,,
537,caught,kɔt,2,1,kɔt,,
538,rusty,rʌs ti,2,2,rʌs,ti,
539,trap,træp,2,1,træp,,
540,weak,wik,2,1,wik,,
541,swim,swɪm,2,1,swɪm,,
542,phrase,freɪz,2,1,freɪz,,
543,thirty,θɜr ti,2,2,θɜr,ti,
544,eyes,aɪz,2,1,aɪz,,
545,wise,waɪz,2,1,waɪz,,
546,friend,frɛnd,2,1,frɛnd,,
547,wine,waɪn,2,1,waɪn,,
548,jumped,dʒʌmpt,2,1,dʒʌmpt,,
549,gate,geɪt,2,1,geɪt,,
550,curls,kɜrlz,2,1,kɜrlz,,
551,graceful,greɪs fəl,2,2,greɪs,fəl,
552,mud,mʌd,2,1,mʌd,,
553,tray,treɪ,2,1,treɪ,,
554,couch,kaʊtʃ,2,1,kaʊtʃ,,
555,stories,stɔr iz,2,2,stɔr,iz,
556,coin,kɔɪn,2,1,kɔɪn,,
557,weight,weɪt,2,1,weɪt,,
558,jacket,dʒæk ɪt,2,2,dʒæk,ɪt,
559,blocks,blɒks,2,1,blɒks,,
560,skill,skɪl,2,1,skɪl,,
561,soak,soʊk,2,1,soʊk,,
562,steam,stim,2,1,stim,,
563,valve,vælv,2,1,vælv,,
564,sunday,sʌn deɪ,2,2,sʌn,deɪ,
565,pills,pɪlz,2,1,pɪlz,,
566,fired,faɪd,2,1,faɪd,,
567,felt,fɛlt,2,1,fɛlt,,
568,gay,geɪ,2,1,geɪ,,
569,miles,maɪlz,2,1,maɪlz,,
570,inches,ɪntʃ ɪz,2,2,ɪntʃ,ɪz,
571,block,blɒk,2,1,blɒk,,
572,apple,æp əl,2,2,æp,əl,
573,compass,kʌm pəs,2,2,kʌm,pəs,
574,float,floʊt,2,1,floʊt,,
575,fresh,frɛʃ,2,1,frɛʃ,,
576,such,sʌtʃ,2,1,sʌtʃ,,
577,even,i vən,2,2,i,vən,
578,cement,sɪ mɛnt,2,2,sɪ,mɛnt,
579,loss,lɔs,2,1,lɔs,,
580,second,sɛk ənd,2,2,sɛk,ənd,
581,stick,stɪk,2,1,stɪk,,
582,forget,fər gɛt,2,2,fər,gɛt,
583,main,meɪn,2,1,meɪn,,
584,grace,greɪs,2,1,greɪs,,
585,shaky,ʃeɪ ki,2,2,ʃeɪ,ki,
586,fans,fænz,2,1,fænz,,
587,music,myu zɪk,2,2,myu,zɪk,
588,try,traɪ,2,1,traɪ,,
589,floated,floʊt ɪd,2,2,floʊt,ɪd,
590,nothing,nʌθ ɪŋ,2,2,nʌθ,ɪŋ,
591,brand,brænd,2,1,brænd,,
592,soon,sun,2,1,sun,,
593,funds,fʌndz,2,1,fʌndz,,
594,tuesday,tuz deɪ,2,2,tuz,deɪ,
595,looked,lʊkt,2,1,lʊkt,,
596,held,hɛld,2,1,hɛld,,
597,freeze,friz,2,1,friz,,
598,gets,gɛts,2,1,gɛts,,
599,curtain,kɜr tn,2,2,kɜr,tn,
600,middle,mɪd l,2,2,mɪd,l,
601,prince,prɪns,2,1,prɪns,,
602,clay,kleɪ,2,1,kleɪ,,
603,others,ʌð ərz,2,2,ʌð,ərz,
604,pears,pɛərz,2,1,pɛərz,,
605,sure,ʃʊər,2,1,ʃʊər,,
606,enough,ɪ nʌf,2,2,ɪ,nʌf,
607,gray,greɪ,2,1,greɪ,,
608,stretched,strɛtʃt,2,1,strɛtʃt,,
609,tasty,teɪ sti,2,2,teɪ,sti,
610,bound,baʊnd,2,1,baʊnd,,
611,nine,naɪn,2,1,naɪn,,
612,dig,dɪg,2,1,dɪg,,
613,ruins,ru ɪnz,2,2,ru,ɪnz,
614,shelves,ʃɛlvz,2,1,ʃɛlvz,,
615,bare,bɛər,2,1,bɛər,,
616,crackers,kræk ərz,2,2,kræk,ərz,
617,shape,ʃeɪp,2,1,ʃeɪp,,
618,gently,dʒɛnt li,2,2,dʒɛnt,li,
619,fits,fɪts,2,1,fɪts,,
620,only,oʊn li,2,2,oʊn,li,
621,pierced,pɪərst,2,1,pɪərst,,
622,grew,gru,2,1,gru,,
623,want,wɒnt,2,1,wɒnt,,
624,gone,gɔn,2,1,gɔn,,
625,beer,bɪər,2,1,bɪər,,
626,brew,bru,2,1,bru,,
627,plant,plænt,2,1,plænt,,
628,tube,tub,2,1,tub,,
629,flat,flæt,2,1,flæt,,
630,join,dʒɔɪn,2,1,dʒɔɪn,,
631,cannot,kæn ɒt,2,2,kæn,ɒt,
632,six,sɪks,2,1,sɪks,,
633,rise,raɪz,2,1,raɪz,,
634,person,pɜr sən,2,2,pɜr,sən,
635,luck,lʌk,2,1,lʌk,,
636,care,kɛər,2,1,kɛər,,
637,screw,skru,2,1,skru,,
638,cap,kæp,2,1,kæp,,
639,years,yɪərz,2,1,yɪərz,,
640,plan,plæn,2,1,plæn,,
641,fill,fɪl,2,1,fɪl,,
642,jar,dʒɑr,2,1,dʒɑr,,
643,sticky,stɪk i,2,2,stɪk,i,
644,smoke,smoʊk,2,1,smoʊk,,
645,grain,greɪn,2,1,greɪn,,
646,against,ə gɛnst,2,2,ə,gɛnst,
647,edges,ɛdʒ ɪz,2,2,ɛdʒ,ɪz,
648,news,nyuz,2,1,nyuz,,
649,hear,hɪər,2,1,hɪər,,
650,lathe,leɪð,2,1,leɪð,,
651,pole,poʊl,2,1,poʊl,,
652,let,lɛt,2,1,lɛt,,
653,tack,tæk,2,1,tæk,,
654,must,mʌst,2,1,mʌst,,
655,plate,pleɪt,2,1,pleɪt,,
656,stream,strim,2,1,strim,,
657,away,ə weɪ,2,2,ə,weɪ,
658,distance,dɪs təns,2,2,dɪs,təns,
659,plead,plid,2,1,plid,,
660,sheep,ʃip,2,1,ʃip,,
661,lot,lɒt,2,1,lɒt,,
662,painted,peɪn tɪd,2,2,peɪn,tɪd,
663,fair,fɛər,2,1,fɛər,,
664,fur,fɜr,2,1,fɜr,,
665,goes,goʊz,2,1,goʊz,,
666,names,neɪmz,2,1,neɪmz,,
667,silk,sɪlk,2,1,sɪlk,,
668,dress,drɛs,2,1,drɛs,,
669,means,minz,2,1,minz,,
670,list,lɪst,2,1,lɪst,,
671,stones,stoʊnz,2,1,stoʊnz,,
672,drip,drɪp,2,1,drɪp,,
673,rain,reɪn,2,1,reɪn,,
674,pleasant,plɛz ənt,2,2,plɛz,ənt,
675,rum,rʌm,2,1,rʌm,,
676,story,stɔr i,2,2,stɔr,i,
677,sense,sɛns,2,1,sɛns,,
678,cuts,kʌts,2,1,kʌts,,
679,dense,dɛns,2,1,dɛns,,
680,crowd,kraʊd,2,1,kraʊd,,
681,ways,weɪz,2,1,weɪz,,
682,player,pleɪ ər,2,2,pleɪ,ər,
683,stale,steɪl,2,1,steɪl,,
684,raise,reɪz,2,1,reɪz,,
685,cents,sɛnts,2,1,sɛnts,,
686,peas,piz,2,1,piz,,
687,grow,groʊ,2,1,groʊ,,
688,led,lɛd,2,1,lɛd,,
689,wake,weɪk,2,1,weɪk,,
690,doubt,daʊt,2,1,daʊt,,
691,fasten,fæs ən,2,2,fæs,ən,
692,dip,dɪp,2,1,dɪp,,
693,health,hɛlθ,2,1,hɛlθ,,
694,zest,zɛst,2,1,zɛst,,
695,steel,stil,2,1,stil,,
696,slipped,slɪpt,2,1,slɪpt,,
697,rug,rʌg,2,1,rʌg,,
698,nose,noʊz,2,1,noʊz,,
699,coins,kɔɪnz,2,1,kɔɪnz,,
700,pay,peɪ,2,1,peɪ,,
701,debt,dɛt,2,1,dɛt,,
702,cart,kɑrt,2,1,kɑrt,,
703,my,maɪ,2,1,maɪ,,
704,glasses,glas ɪz,2,2,glas,ɪz,
705,phone,foʊn,2,1,foʊn,,
706,which,wɪtʃ,2,1,wɪtʃ,,
707,bills,bɪlz,2,1,bɪlz,,
708,month,mʌnθ,2,1,mʌnθ,,
709,pressed,prɛst,2,1,prɛst,,
710,life,laɪf,2,1,laɪf,,
711,kite,kaɪt,2,1,kaɪt,,
712,money,mʌn i,2,2,mʌn,i,
713,hatch,hætʃ,2,1,hætʃ,,
714,send,sɛnd,2,1,sɛnd,,
715,bag,bæg,2,1,bæg,,
716,wild,waɪld,2,1,waɪld,,
717,ground,graʊnd,2,1,graʊnd,,
718,sleep,slip,2,1,slip,,
719,mat,mæt,2,1,mæt,,
720,earth,ɜrθ,2,1,ɜrθ,,
721,weather,wɛð ər,2,2,wɛð,ər,
722,chance,tʃæns,2,1,tʃæns,,
723,shake,ʃeɪk,2,1,ʃeɪk,,
724,shoes,ʃuz,2,1,ʃuz,,
725,stranger,streɪn dʒər,2,2,streɪn,dʒər,
726,smile,smaɪl,2,1,smaɪl,,
727,tent,tɛnt,2,1,tɛnt,,
728,foot,fʊt,2,1,fʊt,,
729,fail,feɪl,2,1,feɪl,,
730,sandy,sæn di,2,2,sæn,di,
731,stiff,stɪf,2,1,stɪf,,
732,thing,θɪŋ,2,1,θɪŋ,,
733,name,neɪm,2,1,neɪm,,
734,farmer,fɑr mər,2,2,fɑr,mər,
735,board,bɔrd,2,1,bɔrd,,
736,mule,myul,2,1,myul,,
737,step,stɛp,2,1,stɛp,,
738,nail,neɪl,2,1,neɪl,,
739,school,skul,2,1,skul,,
740,fund,fʌnd,2,1,fʌnd,,
741,again,ə gɛn,2,2,ə,gɛn,
742,quickly,kwɪk li,2,2,kwɪk,li,
743,pile,paɪl,2,1,paɪl,,
744,settle,sɛt l,2,2,sɛt,l,
745,worse,wɜrs,2,1,wɜrs,,
746,blows,bloʊz,2,1,bloʊz,,
747,strike,straɪk,2,1,straɪk,,
748,please,pliz,2,1,pliz,,
749,canoe,kə nu,1,2,kə,nu,
750,planks,plæŋks,1,1,plæŋks,,
751,background,bæk graʊnd,1,2,bæk,graʊnd,
752,depth,dɛpθ,1,1,dɛpθ,,
753,leg,lɛg,1,1,lɛg,,
754,bowls,boʊlz,1,1,boʊlz,,
755,lemons,lɛm ənz,1,2,lɛm,ənz,
756,thrown,θroʊn,1,1,θroʊn,,
757,parked,pɑrkt,1,1,pɑrkt,,
758,truck,trʌk,1,1,trʌk,,
759,hogs,hɔgz,1,1,hɔgz,,
760,fed,fɛd,1,1,fɛd,,
761,garbage,gɑr bɪdʒ,1,2,gɑr,bɪdʒ,
762,faced,feɪst,1,1,feɪst,,
763,stockings,stɒk ɪŋz,1,2,stɒk,ɪŋz,
764,rod,rɒd,1,1,rɒd,,
765,salmon,sæm ən,1,2,sæm,ən,
766,huge,hyudʒ,1,1,hyudʒ,,
767,kick,kɪk,1,1,kɪk,,
768,ball,bɔl,1,1,bɔl,,
769,follow,fɒl oʊ,1,2,fɒl,oʊ,
770,woman,wʊm ən,1,2,wʊm,ən,
771,helps,hɛlps,1,1,hɛlps,,
772,pass,pæs,1,1,pæs,,
773,evening,iv nɪŋ,1,2,iv,nɪŋ,
774,fires,faɪərz,1,1,faɪərz,,
775,man's,mænz,1,1,mænz,,
776,booth,buθ,1,1,buθ,,
777,fifty,fɪf ti,1,2,fɪf,ti,
778,bonds,bondz,1,1,bondz,,
779,gnawed,nɔd,1,1,nɔd,,
780,sock,sɒk,1,1,sɒk,,
781,hook,hʊk,1,1,hʊk,,
782,dive,daɪv,1,1,daɪv,,
783,perfect,pɜr fɪkt,1,2,pɜr,fɪkt,
784,view,vyu,1,1,vyu,,
785,stunned,stʌnd,1,1,stʌnd,,
786,swam,swæm,1,1,swæm,,
787,purse,pɜrs,1,1,pɜrs,,
788,trash,træʃ,1,1,træʃ,,
789,reared,rɪərd,1,1,rɪərd,,
790,snowed,snoʊd,1,1,snoʊd,,
791,rained,reɪnd,1,1,reɪnd,,
792,hailed,heɪld,1,1,heɪld,,
793,verse,vɜrs,1,1,vɜrs,,
794,pleasure,plɛʒ ər,1,2,plɛʒ,ər,
795,load,loʊd,1,1,loʊd,,
796,shoulder,ʃoʊl dər,1,2,ʃoʊl,dər,
797,closely,cloʊs li,1,2,cloʊs,li,
798,gas,gæs,1,1,gæs,,
799,wipe,waɪp,1,1,waɪp,,
800,grease,gris,1,1,gris,,
801,face,feɪs,1,1,feɪs,,
802,mend,mɛnd,1,1,mɛnd,,
803,wrist,rɪst,1,1,rɪst,,
804,badly,bæd li,1,2,bæd,li,
805,strained,streɪnd,1,1,streɪnd,,
806,stray,streɪ,1,1,streɪ,,
807,kittens,kɪt nz,1,2,kɪt,nz,
808,response,rɪ spɒns,1,2,rɪ,spɒns,
809,meal,mil,1,1,mil,,
810,cooked,kʊkt,1,1,kʊkt,,
811,living,lɪv ɪŋ,1,2,lɪv,ɪŋ,
812,king,kɪŋ,1,1,kɪŋ,,
813,ruled,ruld,1,1,ruld,,
814,state,steɪt,1,1,steɪt,,
815,reef,rif,1,1,rif,,
816,sickness,sɪk nɪs,1,2,sɪk,nɪs,
817,shimmered,ʃɪm ərd,1,2,ʃɪm,ərd,
818,lazy,leɪ zi,1,2,leɪ,zi,
819,cow,kaʊ,1,1,kaʊ,,
820,lift,lɪft,1,1,lɪft,,
821,bind,baɪnd,1,1,baɪnd,,
822,hop,hɒp,1,1,hɒp,,
823,plunge,plʌndʒ,1,1,plʌndʒ,,
824,gang,gæŋ,1,1,gæŋ,,
825,drug,drʌg,1,1,drʌg,,
826,mesh,mɛʃ,1,1,mɛʃ,,
827,wire,waɪ,1,1,waɪ,,
828,keeps,kips,1,1,kips,,
829,chicks,tʃɪks,1,1,tʃɪks,,
830,frosty,frɔ sti,1,2,frɔ,sti,
831,passed,pæst,1,1,pæst,,
832,maze,meɪz,1,1,meɪz,,
833,fool,ful,1,1,ful,,
834,adding,ædɪŋ,1,1,ædɪŋ,,
835,leads,lidz,1,1,lidz,,
836,wrong,rɔŋ,1,1,rɔŋ,,
837,sums,sʌmz,1,1,sʌmz,,
838,flop,flɒp,1,1,flɒp,,
839,very,vɛr i,1,2,vɛr,i,
840,tool,tul,1,1,tul,,
841,wagon,wæg ən,1,2,wæg,ən,
842,oiled,ɔɪld,1,1,ɔɪld,,
843,wheels,wilz,1,1,wilz,,
844,hill,hɪl,1,1,hɪl,,
845,rosebush,roʊz bʊʃ,1,2,roʊz,bʊʃ,
846,steps,stɛps,1,1,stɛps,,
847,lives,laɪvz,1,1,laɪvz,,
848,raging,reɪdʒ ɪŋ,1,2,reɪdʒ,ɪŋ,
849,circus,sɜr kəs,1,2,sɜr,kəs,
850,use,yuz,1,1,yuz,,
851,hardware,hɑrd wɛər,1,2,hɑrd,wɛər,
852,period,pɪər i əd,1,3,pɪər,i,əd
853,creek,krik,1,1,krik,,
854,cars,kɑrz,1,1,kɑrz,,
855,busses,bʌs ɪz,1,2,bʌs,ɪz,
856,stalled,stɔld,1,1,stɔld,,
857,hit,hɪt,1,1,hɪt,,
858,grand,grænd,1,1,grænd,,
859,season,si zən,1,2,si,zən,
860,hikes,haɪks,1,1,haɪks,,
861,dune,dun,1,1,dun,,
862,cue,kyu,1,1,kyu,,
863,actor,æk tər,1,2,æk,tər,
864,bay,beɪ,1,1,beɪ,,
865,playing,pleɪ ɪŋ,1,2,pleɪ,ɪŋ,
866,finished,fɪn ɪʃt,1,2,fɪn,ɪʃt,
867,walled,wɔld,1,1,wɔld,,
868,lease,lis,1,1,lis,,
869,sixteen,sɪks tin,1,2,sɪks,tin,
870,weeks,wiks,1,1,wiks,,
871,tame,teɪm,1,1,teɪm,,
872,squirrel,skwɜr əl,1,2,skwɜr,əl,
873,nice,naɪs,1,1,naɪs,,
874,pet,pɛt,1,1,pɛt,,
875,car,kɑr,1,1,kɑr,,
876,woke,woʊk,1,1,woʊk,,
877,cop,kɒp,1,1,kɒp,,
878,heart,hɑrt,1,1,hɑrt,,
879,strongly,strɔŋ li,1,2,strɔŋ,li,
880,strokes,stroʊk,1,1,stroʊk,,
881,peel,pil,1,1,pil,,
882,slices,slaɪs ɪz,1,2,slaɪs,ɪz,
883,navy,neɪ vi,1,2,neɪ,vi,
884,attacked,ə tækt,1,2,ə,tækt,
885,task,tæsk,1,1,tæsk,,
886,glaring,glɛər ɪŋ,1,2,glɛər,ɪŋ,
887,factors,fæk tərz,1,2,fæk,tərz,
888,brim,brɪm,1,1,brɪm,,
889,droopy,dru pi,1,2,dru,pi,
890,curled,kɜrld,1,1,kɜrld,,
891,strive,straɪv,1,1,straɪv,,
892,seldom,sɛl dəm,1,2,sɛl,dəm,
893,close,cloʊz,1,1,cloʊz,,
894,prone,proʊn,1,1,proʊn,,
895,hardly,hɑrd li,1,2,hɑrd,li,
896,limb,lɪm,1,1,lɪm,,
897,slush,slʌʃ,1,1,slʌʃ,,
898,wisp,wɪsp,1,1,wɪsp,,
899,pound,paʊnd,1,1,paʊnd,,
900,fin,fɪn,1,1,fɪn,,
901,stupid,stu pɪd,1,2,stu,pɪd,
902,bail,beɪl,1,1,beɪl,,
903,sinking,sɪŋk ɪŋ,1,2,sɪŋk,ɪŋ,
904,term,tɜrm,1,1,tɜrm,,
905,ended,ɛnd ɪd,1,2,ɛnd,ɪd,
906,tusk,tʌsk,1,1,tʌsk,,
907,gifts,gɪfts,1,1,gɪfts,,
908,order,ɔr dər,1,2,ɔr,dər,
909,paid,peɪd,1,1,peɪd,,
910,oak,oʊk,1,1,oʊk,,
911,also,ɔl soʊ,1,2,ɔl,soʊ,
912,shade,ʃeɪd,1,1,ʃeɪd,,
913,dogs,dɔgz,1,1,dɔgz,,
914,hate,heɪt,1,1,heɪt,,
915,rust,rʌst,1,1,rʌst,,
916,product,prɒd əkt,1,2,prɒd,əkt,
917,thieves,θifs,1,1,θifs,,
918,rob,rɒb,1,1,rɒb,,
919,deserve,dɪ zɜrv,1,2,dɪ,zɜrv,
920,jail,dʒeɪl,1,1,dʒeɪl,,
921,cheese,tʃiz,1,1,tʃiz,,
922,improves,ɪm pruvz,1,2,ɪm,pruvz,
923,speed,spid,1,1,spid,,
924,hog,hɔg,1,1,hɔg,,
925,vat,væt,1,1,væt,,
926,bark,bɑrk,1,1,bɑrk,,
927,shiny,ʃaɪ ni,1,2,ʃaɪ,ni,
928,pennant,pɛn ənt,1,2,pɛn,ənt,
929,blew,blu,1,1,blu,,
930,split,splɪt,1,1,splɪt,,
931,peat,pit,1,1,pit,,
932,give,gɪv,1,1,gɪv,,
933,peach,pitʃ,1,1,pitʃ,,
934,cream,krim,1,1,krim,,
935,weave,wiv,1,1,wiv,,
936,hand,hænd,1,1,hænd,,
937,hemp,hɛmp,1,1,hɛmp,,
938,weed,wid,1,1,wid,,
939,tropics,trɒp ɪks,1,2,trɒp,ɪks,
940,lame,leɪm,1,1,leɪm,,
941,simplest,sɪm pəl,1,2,sɪm,pəl,
942,type,taɪp,1,1,taɪp,,
943,lists,lɪsts,1,1,lɪsts,,
944,harder,hɑrd,1,1,hɑrd,,
945,boss,bɔs,1,1,bɔs,,
946,watchful,wɒtʃ fəl,1,2,wɒtʃ,fəl,
947,eye,aɪ,1,1,aɪ,,
948,paste,peɪst,1,1,peɪst,,
949,cleanse,klɛnz,1,1,klɛnz,,
950,slang,slæŋ,1,1,slæŋ,,
951,raw,rɔ,1,1,rɔ,,
952,whiskey,wɪs ki,1,2,wɪs,ki,
953,booze,buz,1,1,buz,,
954,hind,haɪnd,1,1,haɪnd,,
955,paw,pɔ,1,1,pɔ,,
956,wharf,wɔrf,1,1,wɔrf,,
957,farther,fɑr ðər,1,2,fɑr,ðər,
958,feel,fil,1,1,fil,,
959,dying,daɪ ɪŋ,1,2,daɪ,ɪŋ,
960,tiny,taɪ ni,1,2,taɪ,ni,
961,cramp,kræmp,1,1,kræmp,,
962,danger,deɪn dʒər,1,2,deɪn,dʒər,
963,said,sɛd,1,1,sɛd,,
964,pluck,plʌk,1,1,plʌk,,
965,plus,plʌs,1,1,plʌs,,
966,glow,gloʊ,1,1,gloʊ,,
967,deepened,di pənd,1,2,di,pənd,
968,problems,prɒb ləmz,1,2,prɒb,ləmz,
969,chief,tʃif,1,1,tʃif,,
970,fond,fɒnd,1,1,fɒnd,,
971,cherish,tʃɛr ɪʃ,1,2,tʃɛr,ɪʃ,
972,lodging,lɒdʒ ɪŋ,1,2,lɒdʒ,ɪŋ,
973,frown,fraʊn,1,1,fraʊn,,
974,events,ɪ vɛnts,1,2,ɪ,vɛnts,
975,kid,kɪd,1,1,kɪd,,
976,guess,gɛs,1,1,gɛs,,
977,result,rɪ zʌlt,1,2,rɪ,zʌlt,
978,scores,skɔrz,1,1,skɔrz,,
979,pickle,pɪk əl,1,2,pɪk,əl,
980,tastes,teɪsts,1,1,teɪsts,,
981,ham,hæm,1,1,hæm,,
982,claim,kleɪm,1,1,kleɪm,,
983,verdict,vɜr dɪkt,1,2,vɜr,dɪkt,
984,thistles,θɪs təlz,1,2,θɪs,təlz,
985,bend,bɛnd,1,1,bɛnd,,
986,bred,brɛd,1,1,brɛd,,
987,poodles,pu dəlz,1,2,pu,dəlz,
988,blotter,blɒt ər,1,2,blɒt,ər,
989,spattered,spæt ərd,1,2,spæt,ərd,
990,cigar,sɪ gɑr,1,2,sɪ,gɑr,
991,flask,flæsk,1,1,flæsk,,
992,speedy,spi di,1,2,spi,di,
993,track,træk,1,1,træk,,
994,shoelace,ʃu leɪs,1,2,ʃu,leɪs,
995,coffee,kɔ fi,1,2,kɔ,fi,
996,stand,stænd,1,1,stænd,,
997,urge,ɜrdʒ,1,1,ɜrdʒ,,
998,pencils,pɛn səlz,1,2,pɛn,səlz,
999,been,bɪn,1,1,bɪn,,
1000,pirates,paɪ rəts,1,2,paɪ,rəts,
1001,crew,kru,1,1,kru,,
1002,replace,rɪ pleɪs,1,2,rɪ,pleɪs,
1003,sewed,soʊd,1,1,soʊd,,
1004,neatly,nit,1,1,nit,,
1005,sofa,soʊ fə,1,2,soʊ,fə,
1006,level,lɛv əl,1,2,lɛv,əl,
1007,figures,fɪg yərz,1,2,fɪg,yərz,
1008,filing,faɪl ɪŋ,1,2,faɪl,ɪŋ,
1009,buy,baɪ,1,1,baɪ,,
1010,abrupt,ə brʌpt,1,2,ə,brʌpt,
1011,does,doʊz,1,1,doʊz,,
1012,prize,praɪz,1,1,praɪz,,
1013,toys,tɔɪz,1,1,tɔɪz,,
1014,knew,nu,1,1,nu,,
1015,actress,æk trɪs,1,2,æk,trɪs,
1016,rag,ræg,1,1,ræg,,
1017,shower,ʃaʊ ər,1,2,ʃaʊ,ər,
1018,pipes,paɪps,1,1,paɪps,,
1019,hissed,hɪst,1,1,hɪst,,
1020,broken,broʊ kən,1,2,broʊ,kən,
1021,hurt,hɜrt,1,1,hɜrt,,
1022,outside,aʊt said,1,2,aʊt,said,
1023,scraps,skræps,1,1,skræps,,
1024,littered,lɪt ərd,1,2,lɪt,ərd,
1025,doctor,dɒk tər,1,2,dɒk,tər,
1026,cured,kyʊərd,1,1,kyʊərd,,
1027,today,tə deɪ,1,2,tə,deɪ,
1028,noon,nun,1,1,nun,,
1029,arrived,ə raɪvd,1,2,ə,raɪvd,
1030,store's,stɔrz,1,1,stɔrz,,
1031,account,ə kaʊnt,1,2,ə,kaʊnt,
1032,cent,sɛnt,1,1,sɛnt,,
1033,acid,æs ɪd,1,2,æs,ɪd,
1034,burns,bɜrnz,1,1,bɜrnz,,
1035,holes,hoʊlz,1,1,hoʊlz,,
1036,wool,wʊl,1,1,wʊl,,
1037,fairy,fɛər i,1,2,fɛər,i,
1038,eight,eɪt,1,1,eɪt,,
1039,woodland,wʊd lænd,1,2,wʊd,lænd,
1040,players,pleɪ ərz,1,2,pleɪ,ərz,
1041,suffer,sʌf ər,1,2,sʌf,ər,
1042,fright,fraɪt,1,1,fraɪt,,
1043,column,kɒl əm,1,2,kɒl,əm,
1044,admire,æd maɪ,1,2,æd,maɪ,
1045,love,lʌv,1,1,lʌv,,
1046,cook,kʊk,1,1,kʊk,,
1047,marble,mɑr bəl,1,2,mɑr,bəl,
1048,smart,smɑrt,1,1,smɑrt,,
1049,wearing,wɛər ɪŋ,1,2,wɛər,ɪŋ,
1050,fig,fɪg,1,1,fɪg,,
1051,shaped,ʃeɪpt,1,1,ʃeɪpt,,
1052,cobs,kɒbz,1,1,kɒbz,,
1053,kindle,kɪn dl,1,2,kɪn,dl,
1054,noise,nɔɪz,1,1,nɔɪz,,
1055,started,stɑrt ɪd,1,2,stɑrt,ɪd,
1056,thumb,θʌm,1,1,θʌm,,
1057,tacks,tæks,1,1,tæks,,
1058,gift,gɪft,1,1,gɪft,,
1059,buyer,baɪ ər,1,2,baɪ,ər,
1060,gain,geɪn,1,1,geɪn,,
1061,tongs,tɔŋz,1,1,tɔŋz,,
1062,petals,pɛ təlz,1,2,pɛ,təlz,
1063,puff,pʌf,1,1,pʌf,,
1064,class,klæs,1,1,klæs,,
1065,although,ɔl ðoʊ,1,2,ɔl,ðoʊ,
1066,farmers,fɑr mərz,1,2,fɑr,mərz,
1067,thresh,θrɛʃ,1,1,θrɛʃ,,
1068,oat,oʊt,1,1,oʊt,,
1069,crop,krɒp,1,1,krɒp,,
1070,attic,æt ɪk,1,2,æt,ɪk,
1071,lure,lʊər,1,1,lʊər,,
1072,trout,traʊt,1,1,traʊt,,
1073,flounder,flaʊn dər,1,2,flaʊn,dər,
1074,bath,bæθ,1,1,bæθ,,
1075,crane,kreɪn,1,1,kreɪn,,
1076,wading,weɪd ɪŋ,1,2,weɪd,ɪŋ,
1077,bird,bɜrd,1,1,bɜrd,,
1078,wonders,wʌn dərz,1,2,wʌn,dərz,
1079,club,klʌb,1,1,klʌb,,
1080,rented,rɛnt ɪd,1,2,rɛnt,ɪd,
1081,rink,rɪŋk,1,1,rɪŋk,,
1082,fifth,fɪfθ,1,1,fɪfθ,,
1083,dance,dæns,1,1,dæns,,
1084,hostess,hoʊ stɪs,1,2,hoʊ,stɪs,
1085,taught,tɔt,1,1,tɔt,,
1086,maid,meɪd,1,1,meɪd,,
1087,novel,nɒv əl,1,2,nɒv,əl,
1088,inn,ɪn,1,1,ɪn,,
1089,worst,wɜrst,1,1,wɜrst,,
1090,live,lɪv,1,1,lɪv,,
1091,wires,waɪz,1,1,waɪz,,
1092,taps,tæps,1,1,tæps,,
1093,erase,ɪ reɪs,1,2,ɪ,reɪs,
1094,doorknob,dɔr nɒb,1,2,dɔr,nɒb,
1095,wreck,rɛk,1,1,rɛk,,
1096,occurred,ə kɜrd,1,2,ə,kɜrd,
1097,writes,raɪts,1,1,raɪts,,
1098,coax,koʊks,1,1,koʊks,,
1099,calf,kæf,1,1,kæf,,
1100,bucket,bʌk ɪt,1,2,bʌk,ɪt,
1101,schools,skulz,1,1,skulz,,
1102,ladies,leɪ diz,1,2,leɪ,diz,
1103,teach,titʃ,1,1,titʃ,,
1104,charm,tʃɑrm,1,1,tʃɑrm,,
1105,axe,æks,1,1,æks,,
1106,forest,fɔr ɪst,1,2,fɔr,ɪst,
1107,ancient,eɪn ʃənt,1,2,eɪn,ʃənt,
1108,jazz,dʒæz,1,1,dʒæz,,
1109,swing,swɪŋ,1,1,swɪŋ,,
1110,rake,reɪk,1,1,reɪk,,
1111,rubbish,rʌb ɪʃ,1,2,rʌb,ɪʃ,
1112,slash,slæʃ,1,1,slæʃ,,
1113,ribbons,rɪb ənz,1,2,rɪb,ənz,
1114,court,kɔrt,1,1,kɔrt,,
1115,decide,dɪ saɪd,1,2,dɪ,saɪd,
1116,pushed,pʊʃt,1,1,pʊʃt,,
1117,attack,ə tæk,1,2,ə,tæk,
1118,ties,taɪz,1,1,taɪz,,
1119,groups,grups,1,1,grups,,
1120,former,fɔr mər,1,2,fɔr,mər,
1121,raft,ræft,1,1,ræft,,
1122,backs,bæks,1,1,bæks,,
1123,map,mæp,1,1,mæp,,
1124,x,ɛks,1,1,ɛks,,
1125,meant,mɛnt,1,1,mɛnt,,
1126,whitings,waɪ tɪŋz,1,2,waɪ,tɪŋz,
1127,nets,nɛts,1,1,nɛts,,
1128,ads,ædz,1,1,ædz,,
1129,cheat,tʃit,1,1,tʃit,,
1130,buyers,baɪ ərz,1,2,baɪ,ərz,
1131,weakly,wik li,1,2,wik,li,
1132,waxed,wækst,1,1,wækst,,
1133,balance,bæl əns,1,2,bæl,əns,
1134,madam,mæd əm,1,2,mæd,əm,
1135,islands,'ai ləndz,1,2,'ai,ləndz,
1136,mild,maɪld,1,1,maɪld,,
1137,world,wɜrld,1,1,wɜrld,,
1138,fury,fyʊər i,1,2,fyʊər,i,
1139,fry,fraɪ,1,1,fraɪ,,
1140,egg,ɛg,1,1,ɛg,,
1141,rush,rʌʃ,1,1,rʌʃ,,
1142,reached,ritʃt,1,1,ritʃt,,
1143,peak,pik,1,1,pik,,
1144,stark,stɑrk,1,1,stɑrk,,
1145,lonesome,loʊn səm,1,2,loʊn,səm,
1146,snapper,snæp ər,1,2,snæp,ər,
1147,worm,wɜrm,1,1,wɜrm,,
1148,snapped,snæpt,1,1,snæpt,,
1149,hurry,hɜr i,1,2,hɜr,i,
1150,yell,yɛl,1,1,yɛl,,
1151,clap,klæp,1,1,klæp,,
1152,slides,slaɪdz,1,1,slaɪdz,,
1153,walk,wɔk,1,1,wɔk,,
1154,brothers,brʌð ərz,1,2,brʌð,ərz,
1155,wear,wɛər,1,1,wɛər,,
1156,houses,haʊzɪz,1,1,haʊzɪz,,
1157,bricks,brɪks,1,1,brɪks,,
1158,ducks,dʌks,1,1,dʌks,,
1159,flavors,fleɪ vərz,1,2,fleɪ,vərz,
1160,fizz,fɪz,1,1,fɪz,,
1161,drinks,drɪŋks,1,1,drɪŋks,,
1162,canned,kænd,1,1,kænd,,
1163,flavor,fleɪ vər,1,2,fleɪ,vər,
1164,closet,klɒz ɪt,1,2,klɒz,ɪt,
1165,carry,kær i,1,2,kær,i,
1166,spill,spɪl,1,1,spɪl,,
1167,train,treɪn,1,1,treɪn,,
1168,hero,hɪər oʊ,1,2,hɪər,oʊ,
1169,war,wɔr,1,1,wɔr,,
1170,rude,rud,1,1,rud,,
1171,filled,fɪld,1,1,fɪld,,
1172,seats,sits,1,1,sits,,
1173,football,fʊt bɔl,1,2,fʊt,bɔl,
1174,jug,dʒʌg,1,1,dʒʌg,,
1175,dash,dæʃ,1,1,dæʃ,,
1176,pepper,pɛp ər,1,2,pɛp,ər,
1177,spoils,spoɪlz,1,1,spoɪlz,,
1178,zestful,zɛst fəl,1,2,zɛst,fəl,
1179,cross,krɔs,1,1,krɔs,,
1180,bun,bʌn,1,1,bʌn,,
1181,trotted,trɒt ɪd,1,2,trɒt,ɪd,
1182,brisk,brɪsk,1,1,brɪsk,,
1183,pace,peɪs,1,1,peɪs,,
1184,twin,twɪn,1,1,twɪn,,
1185,stole,stoʊl,1,1,stoʊl,,
1186,necklace,nɛk lɪs,1,2,nɛk,lɪs,
1187,binds,baɪndz,1,1,baɪndz,,
1188,tightly,taɪt,1,1,taɪt,,
1189,tape,teɪp,1,1,teɪp,,
1190,smuggled,smʌg əld,1,2,smʌg,əld,
1191,look,lʊk,1,1,lʊk,,
1192,drizzle,drɪz əl,1,2,drɪz,əl,
1193,halt,hɔlt,1,1,hɔlt,,
1194,bond,bɒnd,1,1,bɒnd,,
1195,hired,haɪd,1,1,haɪd,,
1196,junk,dʒʌŋk,1,1,dʒʌŋk,,
1197,yard,yɑrd,1,1,yɑrd,,
1198,mouldy,moʊl di,1,2,moʊl,di,
1199,flint,flɪnt,1,1,flɪnt,,
1200,sputtered,spʌt ərd,1,2,spʌt,ərd,
1201,lit,lɪt,1,1,lɪt,,
1202,torch,tɔrtʃ,1,1,tɔrtʃ,,
1203,drown,draʊn,1,1,draʊn,,
1204,jam,dʒæm,1,1,dʒæm,,
1205,frozen,froʊ zən,1,2,froʊ,zən,
1206,watched,wɒtʃt,1,1,wɒtʃt,,
1207,stung,stʌŋ,1,1,stʌŋ,,
1208,courage,kɜr ɪdʒ,1,2,kɜr,ɪdʒ,
1209,ridge,rɪdʒ,1,1,rɪdʒ,,
1210,surface,sɜr fɪs,1,2,sɜr,fɪs,
1211,bump,bʌmp,1,1,bʌmp,,
1212,flaw,flɔ,1,1,flɔ,,
1213,hedge,hɛdʒ,1,1,hɛdʒ,,
1214,apples,æp əlz,1,2,æp,əlz,
1215,quench,kwɛntʃ,1,1,kwɛntʃ,,
1216,thirst,θɜrst,1,1,θɜrst,,
1217,eat,it,1,1,it,,
1218,rainy,reɪ ni,1,2,reɪ,ni,
1219,mute,myut,1,1,myut,,
1220,muffled,mʌf əld,1,2,mʌf,əld,
1221,tones,toʊnz,1,1,toʊnz,,
1222,ear,ɪər,1,1,ɪər,,
1223,pan,pæn,1,1,pæn,,
1224,node,noʊd,1,1,noʊd,,
1225,stalk,stɔk,1,1,stɔk,,
1226,wheat,wit,1,1,wit,,
1227,daily,deɪ li,1,2,deɪ,li,
1228,heap,hip,1,1,hip,,
1229,fallen,fɔ lən,1,2,fɔ,lən,
1230,barrel,bær əl,1,2,bær,əl,
1231,malt,mɔlt,1,1,mɔlt,,
1232,hops,hɒps,1,1,hɒps,,
1233,cans,kænz,1,1,kænz,,
1234,absent,'æb sənt,1,2,'æb,sənt,
1235,window,wɪn doʊ,1,2,wɪn,doʊ,
1236,beam,bim,1,1,bim,,
1237,dropped,drɒpt,1,1,drɒpt,,
1238,workman's,wɜrk mənz,1,2,wɜrk,mənz,
1239,clouds,klaʊdz,1,1,klaʊdz,,
1240,danced,dænst,1,1,dænst,,
1241,blown,bloʊn,1,1,bloʊn,,
1242,tire,taɪ,1,1,taɪ,,
1243,let's,lɛts,1,1,lɛts,,
1244,sing,sɪŋ,1,1,sɪŋ,,
1245,chorus,kɔr əs,1,2,kɔr,əs,
1246,switch,swɪtʃ,1,1,swɪtʃ,,
1247,minutes,mɪn ɪts,1,2,mɪn,ɪts,
1248,walls,wɔlz,1,1,wɔlz,,
1249,lined,laɪnd,1,1,laɪnd,,
1250,colored,kʌl ərd,1,2,kʌl,ərd,
1251,frocks,frɒks,1,1,frɒks,,
1252,peace,pis,1,1,pis,,
1253,league,lig,1,1,lig,,
1254,discuss,dɪ skʌs,1,2,dɪ,skʌs,
1255,fame,feɪm,1,1,feɪm,,
1256,scarce,skɛərs,1,1,skɛərs,,
1257,so,soʊ,1,1,soʊ,,
1258,fox,fɒks,1,1,fɒks,,
1259,nozzle,nɒz əl,1,2,nɒz,əl,
1260,hose,hoʊz,1,1,hoʊz,,
1261,brings,brɪŋz,1,1,brɪŋz,,
1262,changes,'tʃeɪndʒ ɪz,1,2,'tʃeɪndʒ,ɪz,
1263,purple,pɜr pəl,1,2,pɜr,pəl,
1264,tie,taɪ,1,1,taɪ,,
1265,think,θɪŋk,1,1,θɪŋk,,
1266,sometimes,sʌm taɪmz,1,2,sʌm,taɪmz,
1267,mules,myulz,1,1,myulz,,
1268,healthy,hɛl θi,1,2,hɛl,θi,
1269,records,'rɛk ərdz,1,2,'rɛk,ərdz,
1270,crunch,krʌntʃ,1,1,krʌntʃ,,
1271,copper,kɒp ər,1,2,kɒp,ər,
1272,sun's,sʌnz,1,1,sʌnz,,
1273,rays,reɪz,1,1,reɪz,,
1274,warp,wɔrp,1,1,wɔrp,,
1275,unless,ʌn lɛs,1,2,ʌn,lɛs,
1276,plush,plʌʃ,1,1,plʌʃ,,
1277,leaned,lind,1,1,lind,,
1278,clink,klɪŋk,1,1,klɪŋk,,
1279,metal,mɛt l,1,2,mɛt,l,
1280,bathe,beɪð,1,1,beɪð,,
1281,relax,rɪ læks,1,2,rɪ,læks,
1282,rows,roʊz,1,1,roʊz,,
1283,shallow,ʃæl oʊ,1,2,ʃæl,oʊ,
1284,tide,taɪd,1,1,taɪd,,
1285,idea,aɪ di ə,1,3,aɪ,di,ə
1286,kitten,kɪt n,1,2,kɪt,n,
1287,chased,tʃeɪst,1,1,tʃeɪst,,
1288,pages,peɪdʒ ɪz,1,2,peɪdʒ,ɪz,
1289,trace,treɪs,1,1,treɪs,,
1290,painting,peɪn tɪŋ,1,2,peɪn,tɪŋ,
1291,women,wɪm ɪn,1,2,wɪm,ɪn,
1292,group,grup,1,1,grup,,
1293,zones,zoʊnz,1,1,zoʊnz,,
1294,merge,mɜrdʒ,1,1,mɜrdʒ,,
1295,central,sɛn trəl,1,2,sɛn,trəl,
1296,gem,dʒɛm,1,1,dʒɛm,,
1297,rough,rʌf,1,1,rʌf,,
1298,polish,pɒl ɪʃ,1,2,pɒl,ɪʃ,
1299,code,koʊd,1,1,koʊd,,
1300,secrets,si krɪts,1,2,si,krɪts,
1301,objects,'ɒb dʒəkts,1,2,'ɒb,dʒəkts,
1302,vane,veɪn,1,1,veɪn,,
1303,revolved,rɪ vɒlvd,1,2,rɪ,vɒlvd,
1304,mince,mɪns,1,1,mɪns,,
1305,clan,klæn,1,1,klæn,,
1306,gathered,gæð ərd,1,2,gæð,ərd,
1307,warmth,wɔrmθ,1,1,wɔrmθ,,
1308,comfort,kʌm fərt,1,2,kʌm,fərt,
1309,castle,kæs əl,1,2,kæs,əl,
1310,fails,feɪlz,1,1,feɪlz,,
1311,endure,ɛn dʊər,1,2,ɛn,dʊər,
1312,child's,tʃaɪldz,1,1,tʃaɪldz,,
1313,wit,wɪt,1,1,wɪt,,
1314,saved,seɪvd,1,1,seɪvd,,
1315,strip,strɪp,1,1,strɪp,,
1316,vote,voʊt,1,1,voʊt,,
1317,pour,pɔr,1,1,pɔr,,
1318,penny,pɛn i,1,2,pɛn,i,
1319,woods,wʊdz,1,1,wʊdz,,
1320,gather,gæð ər,1,2,gæð,ər,
1321,sticks,stɪks,1,1,stɪks,,
1322,piles,paɪlz,1,1,paɪlz,,
1323,tumbled,tʌm bəld,1,2,tʌm,bəld,
1324,plum,plʌm,1,1,plʌm,,
1325,king's,kɪŋz,1,1,kɪŋz,,
1326,palate,pæl ɪt,1,2,pæl,ɪt,
1327,hazy,heɪ zi,1,2,heɪ,zi,
1328,natives,neɪ tɪvz,1,2,neɪ,tɪvz,
1329,capture,kæp tʃər,1,2,kæp,tʃər,
1330,bear,bɛər,1,1,bɛər,,
1331,feed,fid,1,1,fid,,
1332,flower,flaʊ ər,1,2,flaʊ,ər,
1333,seeds,sidz,1,1,sidz,,
1334,thaw,θɔ,1,1,θɔ,,
1335,freed,frid,1,1,frid,,
1336,whole,hoʊl,1,1,hoʊl,,
1337,key,ki,1,1,ki,,
1338,designed,dɪ zaɪnd,1,2,dɪ,zaɪnd,
1339,lock,lɒk,1,1,lɒk,,
1340,council,kaʊn səl,1,2,kaʊn,səl,
1341,thief,θif,1,1,θif,,
1342,hash,hæʃ,1,1,hæʃ,,
1343,plank,plæŋk,1,1,plæŋk,,
1344,walking,wɔ kɪŋ,1,2,wɔ,kɪŋ,
1345,sparkled,spɑr kəld,1,2,spɑr,kəld,
1346,ledge,lɛdʒ,1,1,lɛdʒ,,
1347,tend,tɛnd,1,1,tɛnd,,
1348,wanders,wɒn dərz,1,2,wɒn,dərz,
1349,sign,saɪn,1,1,saɪn,,
1350,shares,ʃɛərz,1,1,ʃɛərz,,
1351,profit,prɒf ɪt,1,2,prɒf,ɪt,
1352,winds,wɪndz,1,1,wɪndz,,
1353,colds,koʊldz,1,1,koʊldz,,
1354,fevers,fi vərz,1,2,fi,vərz,
1355,asks,æsks,1,1,æsks,,
1356,vouch,vaʊtʃ,1,1,vaʊtʃ,,
1357,later,lɛɪ tər,1,2,lɛɪ,tər,
1358,sash,sæʃ,1,1,sæʃ,,
1359,trim,trɪm,1,1,trɪm,,
1360,wash,wɒʃ,1,1,wɒʃ,,
1361,game,geɪm,1,1,geɪm,,
1362,items,'aɪ təmz,1,2,'aɪ,təmz,
1363,siege,sidʒ,1,1,sidʒ,,
1364,defense,dɪ fɛns,1,2,dɪ,fɛns,
1365,grape,greɪp,1,1,greɪp,,
1366,mix,mɪks,1,1,mɪks,,
1367,roads,roʊdz,1,1,roʊdz,,
1368,paved,peɪvd,1,1,peɪvd,,
1369,tar,tɑr,1,1,tɑr,,
1370,fake,feɪk,1,1,feɪk,,
1371,shine,ʃaɪn,1,1,ʃaɪn,,
1372,cost,kɔst,1,1,kɔst,,
1373,poured,pɔrd,1,1,pɔrd,,
1374,heroes,hɪər oʊz,1,2,hɪər,oʊz,
1375,eastern,i stərn,1,2,i,stərn,
1376,heave,hiv,1,1,hiv,,
1377,trims,trɪmz,1,1,trɪmz,,
1378,distinct,dɪ stɪŋkt,1,2,dɪ,stɪŋkt,
1379,hip,hɪp,1,1,hɪp,,
1380,knee,ni,1,1,ni,,
1381,lingers,lɪŋ gərz,1,2,lɪŋ,gərz,
1382,scarcer,skɛərs,1,1,skɛərs,,
1383,lamb,læm,1,1,læm,,
1384,sail,seɪl,1,1,seɪl,,
1385,steer,stɪər,1,1,stɪər,,
1386,northward,nɔrθ wərd,1,2,nɔrθ,wərd,
1387,cone,koʊn,1,1,koʊn,,
1388,mondays,mʌn deɪz,1,2,mʌn,deɪz,
1389,pod,pɒd,1,1,pɒd,,
1390,dart,dɑrt,1,1,dɑrt,,
1391,cork,kɔrk,1,1,kɔrk,,
1392,target,tɑr gɪt,1,2,tɑr,gɪt,
1393,shipping,ʃɪp ɪŋ,1,2,ʃɪp,ɪŋ,
1394,dime,daɪm,1,1,daɪm,,
1395,peddler,pɛd lər,1,2,pɛd,lər,
1396,cried,kraɪd,1,1,kraɪd,,
1397,touch,tʌtʃ,1,1,tʌtʃ,,
1398,hardship,hɑrd ʃɪp,1,2,hɑrd,ʃɪp,
1399,seemed,simd,1,1,simd,,
1400,nudge,nʌdʒ,1,1,nʌdʒ,,
1401,restless,rɛst lɪs,1,2,rɛst,lɪs,
1402,minds,maɪndz,1,1,maɪndz,,
1403,chink,tʃɪŋk,1,1,tʃɪŋk,,
1404,allowed,ə laʊd,1,2,ə,laʊd,
1405,restores,rɪ stɔrz,1,2,rɪ,stɔrz,
1406,oath,oʊθ,1,1,oʊθ,,
1407,sills,sɪlz,1,1,sɪlz,,
1408,pen,pɛn,1,1,pɛn,,
1409,lag,læg,1,1,læg,,
1410,thought,θɔt,1,1,θɔt,,
1411,seed,sid,1,1,sid,,
1412,draw,drɔ,1,1,drɔ,,
1413,owed,oʊd,1,1,oʊd,,
1414,pal,pæl,1,1,pæl,,
1415,chap,tʃæp,1,1,tʃæp,,
1416,hats,hæts,1,1,hæts,,
1417,dinner,dɪn ər,1,2,dɪn,ər,
1418,ramp,ræmp,1,1,ræmp,,
1419,highway,haɪ weɪ,1,2,haɪ,weɪ,
1420,onto,ɒn tu,1,2,ɒn,tu,
1421,slowly,sloʊ li,1,2,sloʊ,li,
1422,nest,nɛst,1,1,nɛst,,
1423,housed,haʊst,1,1,haʊst,,
1424,robins,rɒb ɪnz,1,2,rɒb,ɪnz,
1425,woven,woʊ vən,1,2,woʊ,vən,
1426,mats,mæts,1,1,mæts,,
1427,wax,wæks,1,1,wæks,,
1428,protects,prə tɛkts,1,2,prə,tɛkts,
1429,scratch,skrætʃ,1,1,skrætʃ,,
1430,picked,pɪkt,1,1,pɪkt,,
1431,dice,daɪs,1,1,daɪs,,
1432,roll,roʊl,1,1,roʊl,,
1433,nag,næg,1,1,næg,,
1434,pulled,pʊld,1,1,pʊld,,
1435,frail,freɪl,1,1,freɪl,,
1436,twist,twɪst,1,1,twɪst,,
1437,release,rɪ lis,1,2,rɪ,lis,
1438,vamp,væmp,1,1,væmp,,
1439,buckle,bʌk əl,1,2,bʌk,əl,
1440,rags,rægz,1,1,rægz,,
1441,itches,ɪtʃ ɪz,1,2,ɪtʃ,ɪz,
1442,cuffs,kʌfs,1,1,kʌfs,,
1443,pockets,pɒk ɪts,1,2,pɒk,ɪts,
1444,marsh,mɑrʃ,1,1,mɑrʃ,,
1445,slice,slaɪs,1,1,slaɪs,,
1446,sausage,sɔ sɪdʒ,1,2,sɔ,sɪdʒ,
1447,bloom,blum,1,1,blum,,
1448,lasts,læsts,1,1,læsts,,
1449,mare,mɛər,1,1,mɛər,,
1450,walked,wɔkt,1,1,wɔkt,,
1451,breakfast,brɛk fəst,1,2,brɛk,fəst,
1452,buns,bʌnz,1,1,bʌnz,,
1453,bottles,bɒt lz,1,2,bɒt,lz,
1454,kinds,kaɪndz,1,1,kaɪndz,,
1455,wore,wɔr,1,1,wɔr,,
1456,feather,fɛð ər,1,2,fɛð,ər,
1457,wheeled,wild,1,1,wild,,
1458,bike,baɪk,1,1,baɪk,,
1459,ashes,æʃɪz,1,1,æʃɪz,,
1460,chairs,tʃɛərz,1,1,tʃɛərz,,
1461,throw,θroʊ,1,1,θroʊ,,
1462,neck,nɛk,1,1,nɛk,,
1463,collar,kɒl ər,1,2,kɒl,ər,
1464,hall,hɔl,1,1,hɔl,,
1465,drapes,dreips,1,1,dreips,,
1466,stems,stɛmz,1,1,stɛmz,,
1467,rack,ræk,1,1,ræk,,
1468,lantern,læn tərn,1,2,læn,tərn,
1469,cleat,klit,1,1,klit,,
1470,sank,sæŋk,1,1,sæŋk,,
1471,deeply,dip li,1,2,dip,li,
1472,turf,tɜrf,1,1,tɜrf,,
1473,mailed,meɪld,1,1,meɪld,,
1474,promptly,prɒmpt li,1,2,prɒmpt,li,
1475,tenth,tɛnθ,1,1,tɛnθ,,
1476,wait,weɪt,1,1,weɪt,,
1477,hope,hoʊp,1,1,hoʊp,,
1478,price,praɪs,1,1,praɪs,,
1479,antique,æn tik,1,2,æn,tik,
1480,played,pleɪd,1,1,pleɪd,,
1481,dispense,dɪ spɛns,1,2,dɪ,spɛns,
1482,bunch,bʌntʃ,1,1,bʌntʃ,,
1483,grapes,greips,1,1,greips,,
1484,figs,fɪgz,1,1,fɪgz,,
1485,cherries,tʃɛr iz,1,2,tʃɛr,iz,
1486,hinge,hɪndʒ,1,1,hɪndʒ,,
1487,creaked,krikt,1,1,krikt,,
1488,sparks,spɑrks,1,1,spɑrks,,
1489,helped,hɛlpt,1,1,hɛlpt,,
1490,print,prɪnt,1,1,prɪnt,,
1491,death,dɛθ,1,1,dɛθ,,
1492,marks,mɑrks,1,1,mɑrks,,
1493,limits,lɪm ɪts,1,2,lɪm,ɪts,
1494,bottom,bɒt əm,1,2,bɒt,əm,
1495,flew,flu,1,1,flu,,
1496,wildly,waɪld,1,1,waɪld,,
1497,muff,mʌf,1,1,mʌf,,
1498,stylish,staɪ lɪʃ,1,2,staɪ,lɪʃ,
1499,priceless,praɪs lɪs,1,2,praɪs,lɪs,
1500,matter,mæt ər,1,2,mæt,ər,
1501,puzzling,pʌz lɪŋ,1,2,pʌz,lɪŋ,
1502,lanterns,læn tərnz,1,2,læn,tərnz,
1503,youth,yuθ,1,1,yuθ,,
1504,drove,droʊv,1,1,droʊv,,
1505,lived,lɪvd,1,1,lɪvd,,
1506,shaggy,ʃæg i,1,2,ʃæg,i,
1507,save,seɪv,1,1,seɪv,,
1508,spend,spɛnd,1,1,spɛnd,,
1509,shut,ʃʌt,1,1,ʃʌt,,
1510,waves,weɪvz,1,1,weɪvz,,
1511,push,pʊʃ,1,1,pʊʃ,,
1512,hearts,harts,1,1,harts,,
1513,walnut,wɔl nʌt,1,2,wɔl,nʌt,
1514,teeth,tiθ,1,1,tiθ,,
1515,offered,ɔ fərd,1,2,ɔ,fərd,
1516,proof,pruf,1,1,pruf,,
1517,stuff,stʌf,1,1,stʌf,,
1518,quart,kwɔrt,1,1,kwɔrt,,
1519,milk,mɪlk,1,1,mɪlk,,
1520,told,toʊld,1,1,toʊld,,
1521,frighten,fraɪt n,1,2,fraɪt,n,
1522,rear,rɪər,1,1,rɪər,,
1523,passage,pæs ɪdʒ,1,2,pæs,ɪdʒ,
1524,sweater,swɛt ər,1,2,swɛt,ər,
1525,oats,oʊts,1,1,oʊts,,
1526,eaten,it n,1,2,it,n,
1527,eyelids,aɪ lɪdz,1,2,aɪ,lɪdz,
1528,droop,drup,1,1,drup,,
1529,sip,sɪp,1,1,sɪp,,
1530,revives,rɪ vaɪvz,1,2,rɪ,vaɪvz,
1531,tuck,tʌk,1,1,tʌk,,
1532,equal,i kwəl,1,2,i,kwəl,
1533,would,wʊd,1,1,wʊd,,
1534,tailor,teɪ lər,1,2,teɪ,lər,
1535,doll,dɒl,1,1,dɒl,,
1536,kind,kaɪnd,1,1,kaɪnd,,
1537,sick,sɪk,1,1,sɪk,,
1538,people,pi pəl,1,2,pi,pəl,
1539,packed,pækt,1,1,pækt,,
1540,shipped,ʃɪpt,1,1,ʃɪpt,,
1541,dusty,dʌs ti,1,2,dʌs,ti,
1542,bench,bɛntʃ,1,1,bɛntʃ,,
1543,suit,sut,1,1,sut,,
1544,nasty,næs ti,1,2,næs,ti,
1545,shelter,ʃɛl tər,1,2,ʃɛl,tər,
1546,still,stɪl,1,1,stɪl,,
1547,guy,gaɪ,1,1,gaɪ,,
1548,writer,raɪ tər,1,2,raɪ,tər,
1549,banned,bænd,1,1,bænd,,
1550,false,fɔls,1,1,fɔls,,
1551,barred,bɑrd,1,1,bɑrd,,
1552,locked,lɒkt,1,1,lɒkt,,
1553,bolted,boʊlt ɪd,1,2,boʊlt,ɪd,
1554,queen's,kwinz,1,1,kwinz,,
1555,table,teɪ bəl,1,2,teɪ,bəl,
1556,dipped,dɪpt,1,1,dɪpt,,
1557,swayed,sweɪd,1,1,sweɪd,,
1558,stayed,steɪd,1,1,steɪd,,
1559,aloft,ə lɔft,1,2,ə,lɔft,
1560,crowded,kraʊ dɪd,1,2,kraʊ,dɪd,
1561,mob,mɒb,1,1,mɒb,,
1562,arm,ɑrm,1,1,ɑrm,,
1563,shall,ʃæl,1,1,ʃæl,,
1564,shield,ʃild,1,1,ʃild,,
1565,honor,ɒn ər,1,2,ɒn,ər,
1566,blushed,blʌʃt,1,1,blʌʃt,,
1567,orchid,ɔr kɪd,1,2,ɔr,kɪd,
1568,beetle,bit l,1,2,bit,l,
1569,droned,droʊnd,1,1,droʊnd,,
1570,pedal,pɛd l,1,2,pɛd,l,
1571,trunk,trʌŋk,1,1,trʌŋk,,
1572,landing,læn dɪŋ,1,2,læn,dɪŋ,
1573,payment,peɪ mənt,1,2,peɪ,mənt,
1574,theft,θɛft,1,1,θɛft,,
1575,pin,pɪn,1,1,pɪn,,
1576,secret,si krɪt,1,2,si,krɪt,
1577,vast,væst,1,1,væst,,
1578,farm,fɑrm,1,1,fɑrm,,
1579,grin,grɪn,1,1,grɪn,,
1580,earned,ɜrnd,1,1,ɜrnd,,
1581,flax,flæks,1,1,flæks,,
1582,hurdle,hɜr dl,1,2,hɜr,dl,
1583,pit,pɪt,1,1,pɪt,,
1584,aid,eɪd,1,1,eɪd,,
1585,bid,bɪd,1,1,bɪd,,
1586,scare,skɛər,1,1,skɛər,,
1587,partner,pɑrt nər,1,2,pɑrt,nər,
1588,power,paʊ ər,1,2,paʊ,ər,
1589,peep,pip,1,1,pip,,
1590,clowns,klaʊnz,1,1,klaʊnz,,
1591,leaf,lif,1,1,lif,,
1592,slow,sloʊ,1,1,sloʊ,,
1593,spin,spɪn,1,1,spɪn,,
1594,cheap,tʃip,1,1,tʃip,,
1595,flashy,flæʃ i,1,2,flæʃ,i,
1596,despair,dɪ spɛər,1,2,dɪ,spɛər,
1597,mails,meɪlz,1,1,meɪlz,,
1598,requests,rɪ kwɛsts,1,2,rɪ,kwɛsts,
1599,ends,ɛndz,1,1,ɛndz,,
1600,statement,steɪt mənt,1,2,steɪt,mənt,
1601,boldly,boʊld li,1,2,boʊld,li,
1602,dill,dɪl,1,1,dɪl,,
1603,pickles,pɪk əlz,1,2,pɪk,əlz,
1604,sour,saʊ,1,1,saʊ,,
1605,either,i ðər,1,2,i,ðər,
1606,method,mɛθ əd,1,2,mɛθ,əd,
1607,fix,fɪks,1,1,fɪks,,
1608,clips,klɪps,1,1,klɪps,,
1609,mumble,mʌm bəl,1,2,mʌm,bəl,
1610,speech,spitʃ,1,1,spitʃ,,
1611,alarm,ə lɑrm,1,2,ə,lɑrm,
1612,roused,raʊzd,1,1,raʊzd,,
1613,meter,mi tər,1,2,mi,tər,
1614,says,sɛz,1,1,sɛz,,
1615,trinkets,trɪŋ kɪts,1,2,trɪŋ,kɪts,
1616,neon,ni ɒn,1,2,ni,ɒn,
1617,clams,klæmz,1,1,klæmz,,
1618,fan,fæn,1,1,fæn,,
1619,whirled,wɜrld,1,1,wɜrld,,
1620,blades,bleɪdz,1,1,bleɪdz,,
1621,softly,sɔft li,1,2,sɔft,li,
1622,breathe,brið,1,1,brið,,
1623,piny,paɪ ni,1,2,paɪ,ni,
1624,matters,mæt ərz,1,2,mæt,ərz,
1625,reads,ridz,1,1,ridz,,
1626,leather,lɛð ər,1,2,lɛð,ər,
1627,strap,stræp,1,1,stræp,,
1628,toad,toʊd,1,1,toʊd,,
1629,frog,frɒg,1,1,frɒg,,
1630,dam,dæm,1,1,dæm,,
1631,caused,kɔzd,1,1,kɔzd,,
1632,sockets,sɒk ɪts,1,2,sɒk,ɪts,
1633,bribes,braɪbz,1,1,braɪbz,,
1634,honest,ɒn ɪst,1,2,ɒn,ɪst,
1635,trample,træm pəl,1,2,træm,pəl,
1636,spark,spɑrk,1,1,spɑrk,,
1637,else,ɛls,1,1,ɛls,,
1638,flames,fleɪmz,1,1,fleɪmz,,
1639,spread,sprɛd,1,1,sprɛd,,
1640,hilt,hɪlt,1,1,hɪlt,,
1641,sword,sɔrd,1,1,sɔrd,,
1642,designs,dɪ zaɪnz,1,2,dɪ,zaɪnz,
1643,drilled,drɪld,1,1,drɪld,,
1644,footprints,fʊt prɪnts,1,2,fʊt,prɪnts,
1645,showed,ʃoʊd,1,1,ʃoʊd,,
1646,waiting,weɪ tɪŋ,1,2,weɪ,tɪŋ,
1647,vent,vɛnt,1,1,vɛnt,,
1648,prod,prɒd,1,1,prɒd,,
1649,band,bænd,1,1,bænd,,
1650,length,lɛŋkθ,1,1,lɛŋkθ,,
1651,ditch,dɪtʃ,1,1,dɪtʃ,,
1652,hidden,hɪd n,1,2,hɪd,n,
1653,sight,saɪt,1,1,saɪt,,
1654,mass,mæs,1,1,mæs,,
1655,shrubs,ʃrʌbz,1,1,ʃrʌbz,,
1656,package,pæk ɪdʒ,1,2,pæk,ɪdʒ,
1657,scale,skeɪl,1,1,skeɪl,,
1658,outdoors,aʊt dɔrz,1,2,aʊt,dɔrz,
1659,flickered,flɪk ərd,1,2,flɪk,ərd,
1660,circled,sɜr kəld,1,2,sɜr,kəld,
1661,lobes,loʊbz,1,1,loʊbz,,
1662,ears,ɪərz,1,1,ɪərz,,
1663,hammer,hæm ər,1,2,hæm,ər,
1664,twelfth,twɛlfθ,1,1,twɛlfθ,,
1665,speaks,spiks,1,1,spiks,,
1666,true,tru,1,1,tru,,
1667,cartridge,kɑr trɪdʒ,1,2,kɑr,trɪdʒ,
1668,gun,gʌn,1,1,gʌn,,
1669,kids,kɪdz,1,1,kɪdz,,
1670,public,pʌb lɪk,1,2,pʌb,lɪk,
1671,constant,kɒn stənt,1,2,kɒn,stənt,
1672,sever,sɛv ər,1,2,sɛv,ər,
1673,twine,twaɪn,1,1,twaɪn,,
1674,snip,snɪp,1,1,snɪp,,
1675,preserve,prɪ zɜrv,1,2,prɪ,zɜrv,
1676,strength,strɛŋkθ,1,1,strɛŋkθ,,
1677,sullen,sʌl ən,1,2,sʌl,ən,
1678,whistling,wɪs lɪŋ,1,2,wɪs,lɪŋ,
1679,boys,bɔɪz,1,1,bɔɪz,,
1680,tumbles,tʌm bəlz,1,2,tʌm,bəlz,
1681,stately,steɪt li,1,2,steɪt,li,
1682,maple,meɪ pəl,1,2,meɪ,pəl,
1683,swell,swɛl,1,1,swɛl,,
1684,piece,pis,1,1,pis,,
1685,trust,trʌst,1,1,trʌst,,
1686,choose,tʃuz,1,1,tʃuz,,
1687,plea,pli,1,1,pli,,
1688,lent,lɛnt,1,1,lɛnt,,
1689,gaunt,gɔnt,1,1,gɔnt,,
1690,happen,hæp ən,1,2,hæp,ən,
1691,duke,duk,1,1,duk,,
1692,park,pɑrk,1,1,pɑrk,,
1693,coach,koʊtʃ,1,1,koʊtʃ,,
1694,greet,grit,1,1,grit,,
1695,guests,gɛsts,1,1,gɛsts,,
1696,frost,frɔst,1,1,frɔst,,
1697,turkey,tɜr ki,1,2,tɜr,ki,
1698,fierce,fɪərs,1,1,fɪərs,,
1699,stripe,straɪp,1,1,straɪp,,
1700,runs,rʌnz,1,1,rʌnz,,
1701,lush,lʌʃ,1,1,lʌʃ,,
1702,ferns,fɜrnz,1,1,fɜrnz,,
1703,lofty,lɔf ti,1,2,lɔf,ti,
1704,rocks,rɒks,1,1,rɒks,,
1705,ram,ræm,1,1,ræm,,
1706,team,tim,1,1,tim,,
1707,timing,taɪ mɪŋ,1,2,taɪ,mɪŋ,
1708,looks,lʊks,1,1,lʊks,,
1709,swapped,swɒpt,1,1,swɒpt,,
1710,ox,ɒks,1,1,ɒks,,
1711,sit,sɪt,1,1,sɪt,,
1712,perch,pɜrtʃ,1,1,pɜrtʃ,,
1713,steep,stip,1,1,stip,,
1714,trail,treɪl,1,1,treɪl,,
1715,painful,peɪn fəl,1,2,peɪn,fəl,
1716,phase,feɪz,1,1,feɪz,,
1717,moves,muvz,1,1,muvz,,
1718,moss,mɔs,1,1,mɔs,,
1719,grows,groʊz,1,1,groʊz,,
1720,northern,nɔr ðərn,1,2,nɔr,ðərn,
1721,pitch,pɪtʃ,1,1,pɪtʃ,,
1722,stable,steɪ bəl,1,2,steɪ,bəl,
1723,latch,lætʃ,1,1,lætʃ,,
1724,goose,gus,1,1,gus,,
1725,market,mɑr kɪt,1,2,mɑr,kɪt,
1726,sink,sɪŋk,1,1,sɪŋk,,
1727,dishes,dɪʃ ɪz,1,2,dɪʃ,ɪz,
1728,whiff,wɪf,1,1,wɪf,,
1729,cure,kyʊər,1,1,kyʊər,,
1730,stubborn,stʌb ərn,1,2,stʌb,ərn,
1731,facts,fækts,1,1,fækts,,
1732,flaps,flæps,1,1,flæps,,
1733,cape,keɪp,1,1,keɪp,,
1734,parades,pə reɪdz,1,2,pə,reɪdz,
1735,cruiser,kru zər,1,2,kru,zər,
1736,fleet,flit,1,1,flit,,
1737,loop,lup,1,1,lup,,
1738,braid,breɪd,1,1,breɪd,,
1739,calves,kævz,1,1,kævz,,
1740,thrive,θraɪv,1,1,θraɪv,,
1741,tear,tɪər,1,1,tɪər,,
1742,pad,pæd,1,1,pæd,,
1743,cruise,kruz,1,1,kruz,,
1744,warm,wɔrm,1,1,wɔrm,,
1745,waters,wɔ tərz,1,2,wɔ,tərz,
1746,sleek,slik,1,1,slik,,
1747,streak,strik,1,1,strik,,
1748,color,kʌl ər,1,2,kʌl,ər,
1749,crouch,kraʊtʃ,1,1,kraʊtʃ,,
1750,miss,mɪs,1,1,mɪs,,
1751,kits,kɪts,1,1,kɪts,,
1752,peg,pɛg,1,1,pɛg,,
1753,saves,seɪvz,1,1,seɪvz,,
1754,skin,skɪn,1,1,skɪn,,
1755,poached,poʊtʃt,1,1,poʊtʃt,,
1756,suffice,sə faɪs,1,2,sə,faɪs,
1757,nerves,nɛrvz,1,1,nɛrvz,,
1758,jangled,dʒæŋ gəld,1,2,dʒæŋ,gəld,
1759,slam,slæm,1,1,slæm,,
1760,maps,mæps,1,1,mæps,,
1761,different,dɪf ər ənt,1,3,dɪf,ər,ənt
1762,planes,pleɪnz,1,1,pleɪnz,,
1763,dimes,daɪmz,1,1,daɪmz,,
1764,showered,ʃaʊ ərd,1,2,ʃaʊ,ərd,
1765,sides,saɪdz,1,1,saɪdz,,
1766,sang,sæŋ,1,1,sæŋ,,
1767,tunes,tunz,1,1,tunz,,
1768,party,pɑr ti,1,2,pɑr,ti,
1769,west,wɛst,1,1,wɛst,,
1770,tinged,tɪŋd,1,1,tɪŋd,,
1771,orange,ɔr ɪndʒ,1,2,ɔr,ɪndʒ,
1772,pods,pɒdz,1,1,pɒdz,,
1773,ferment,fɛr mɪnt,1,2,fɛr,mɪnt,
1774,fields,fildz,1,1,fildz,,
1775,balked,bɔkt,1,1,bɔkt,,
1776,hitch,hɪtʃ,1,1,hɪtʃ,,
1777,coal,koʊl,1,1,koʊl,,
1778,shed,ʃɛd,1,1,ʃɛd,,
1779,vase,veɪs,1,1,veɪs,,
1780,sheath,ʃiθ,1,1,ʃiθ,,
1781,rarest,rɛər,1,1,rɛər,,
1782,spice,spaɪs,1,1,spaɪs,,
1783,east,ist,1,1,ist,,
1784,roof,ruf,1,1,ruf,,
1785,tilted,tɪlt ɪd,1,2,tɪlt,ɪd,
1786,slant,slænt,1,1,slænt,,
1787,smatter,smæt ər,1,2,smæt,ər,
1788,french,frɛntʃ,1,1,frɛntʃ,,
1789,none,nʌn,1,1,nʌn,,
1790,trod,trɒd,1,1,trɒd,,
1791,treadmill,trɛd mɪl,1,2,trɛd,mɪl,
1792,aim,eɪm,1,1,eɪm,,
1793,contest,kɔn tɛst,1,2,kɔn,tɛst,
1794,amounts,ə maʊnts,1,2,ə,maʊnts,
1795,tang,tæŋ,1,1,tæŋ,,
1796,salty,sɔl ti,1,2,sɔl,ti,
1797,cod,kɒd,1,1,kɒd,,
1798,business,bɪz nɪs,1,2,bɪz,nɪs,
1799,slab,slæb,1,1,slæb,,
1800,hewn,hyun,1,1,hyun,,
1801,slate,sleɪt,1,1,sleɪt,,
1802,dunk,dʌŋk,1,1,dʌŋk,,
1803,biscuits,bɪs kɪts,1,2,bɪs,kɪts,
1804,hang,hæŋ,1,1,hæŋ,,
1805,tinsel,tɪn səl,1,2,tɪn,səl,
1806,branches,bræntʃ ɪz,1,2,bræntʃ,ɪz,
1807,missed,mɪst,1,1,mɪst,,
1808,firmly,fɜrm li,1,2,fɜrm,li,
1809,pick,pɪk,1,1,pɪk,,
1810,card,kɑrd,1,1,kɑrd,,
1811,slip,slɪp,1,1,slɪp,,
1812,changing,tʃeɪndʒ ɪŋ,1,2,tʃeɪndʒ,ɪŋ,
1813,informs,ɪn fɔrmz,1,2,ɪn,fɔrmz,
1814,ought,ɔt,1,1,ɔt,,
1815,know,noʊ,1,1,noʊ,,
1816,mail,meɪl,1,1,meɪl,,
1817,batches,bætʃ ɪz,1,2,bætʃ,ɪz,
1818,per,pɜr,1,1,pɜr,,
1819,dots,dɒts,1,1,dɒts,,
1820,betrayed,bɪ treɪd,1,2,bɪ,treɪd,
1821,mantel,mæn tl,1,2,mæn,tl,
1822,shift,ʃɪft,1,1,ʃɪft,,
1823,rate,reɪt,1,1,reɪt,,
1824,extra,ɛk strə,1,2,ɛk,strə,
1825,brightened,braɪt nd,1,2,braɪt,nd,
1826,dim,dɪm,1,1,dɪm,,
1827,stage,steɪdʒ,1,1,steɪdʒ,,
1828,scoot,skut,1,1,skut,,
1829,job,dʒɒb,1,1,dʒɒb,,
1830,admit,æd mɪt,1,2,æd,mɪt,
1831,faults,fɔlts,1,1,fɔlts,,
1832,about,ə baʊt,1,2,ə,baʊt,
1833,pirate's,paɪ rəts,1,2,paɪ,rəts,
1834,drenching,drɛntʃ ɪŋ,1,2,drɛntʃ,ɪŋ,
1835,luggage,lʌg ɪdʒ,1,2,lʌg,ɪdʒ,
1836,frosted,frɔ stɪd,1,2,frɔ,stɪd,
1837,stuffed,stʌft,1,1,stʌft,,
1838,moving,mu vɪŋ,1,2,mu,vɪŋ,
1839,van,væn,1,1,væn,,
1840,stitch,stɪtʃ,1,1,stɪtʃ,,
1841,shortened,ʃɔr tnd,1,2,ʃɔr,tnd,
1842,pocket,pɒk ɪt,1,2,pɒk,ɪt,
1843,gloss,glɒs,1,1,glɒs,,
1844,unfit,ʌn fɪt,1,2,ʌn,fɪt,
1845,hail,heɪl,1,1,heɪl,,
1846,pattered,pæt ərd,1,2,pæt,ərd,
1847,burnt,bɜrnt,1,1,bɜrnt,,
1848,seals,silz,1,1,silz,,
1849,stamped,stæmpt,1,1,stæmpt,,
1850,sheets,ʃits,1,1,ʃits,,
1851,troops,trups,1,1,trups,,
1852,jammed,dʒæmd,1,1,dʒæmd,,
1853,sale,seɪl,1,1,seɪl,,
1854,error,ɛr ər,1,2,ɛr,ər,
1855,judge,dʒʌdʒ,1,1,dʒʌdʒ,,
1856,collapse,kə læps,1,2,kə,læps,
1857,match,mætʃ,1,1,mætʃ,,
1858,boiled,bɔɪld,1,1,bɔɪld,,
1859,jell,dʒɛl,1,1,dʒɛl,,
1860,baby,beɪ bi,1,2,beɪ,bi,
1861,puts,pʊts,1,1,pʊts,,
1862,mouth,maʊθ,1,1,maʊθ,,
1863,bombs,bɒmz,1,1,bɒmz,,
1864,stare,stɛər,1,1,stɛər,,
1865,working,wɜr kɪŋ,1,2,wɜr,kɪŋ,
1866,streets,strits,1,1,strits,,
1867,narrow,nær oʊ,1,2,nær,oʊ,
1868,turns,tɜrnz,1,1,tɜrnz,,
1869,jerked,dʒɜrkt,1,1,dʒɜrkt,,
1870,leash,liʃ,1,1,liʃ,,
1871,feline,fi laɪn,1,2,fi,laɪn,
1872,evade,ɪ veɪd,1,2,ɪ,veɪd,
1873,net,nɛt,1,1,nɛt,,
1874,answer,æn sər,1,2,æn,sər,
1875,became,bɪ keɪm,1,2,bɪ,keɪm,
1876,heir,ɛər,1,1,ɛər,,
1877,throne,θroʊn,1,1,θroʊn,,
1878,errand,ɛr ənd,1,2,ɛr,ənd,
1879,arrive,ə raɪv,1,2,ə,raɪv,
1880,robbed,rɒbd,1,1,rɒbd,,
1881,journey,dʒɜr ni,1,2,dʒɜr,ni,
1882,neighbor's,neɪ bərz,1,2,neɪ,bərz,
1883,shell,ʃɛl,1,1,ʃɛl,,
1884,bushes,bʊʃ ɪz,1,2,bʊʃ,ɪz,
1885,dew,du,1,1,du,,
1886,blind,blaɪnd,1,1,blaɪnd,,
1887,counted,kaʊnt ɪd,1,2,kaʊnt,ɪd,
1888,severe,sə vɪər,1,2,sə,vɪər,
1889,tore,tɔr,1,1,tɔr,,
1890,called,kɔld,1,1,kɔld,,
